time_s,global_margin_m,collision_flag,candidate_pairs,tested_pairs,circle_rejected_pairs
0.0,1.692786709729e-01,0,,1027,23504
0.1,1.691505516991e-01,0,,1033,23498
0.2,1.690264354905e-01,0,,1034,23497
0.3,1.689063249577e-01,0,,1033,23498
0.4,1.687902227114e-01,0,,1030,23501
0.5,1.686781313630e-01,0,,1030,23501
0.6,1.685700535238e-01,0,,1025,23506
0.7,1.684659918058e-01,0,,1026,23505
0.8,1.683659488212e-01,0,,1028,23503
0.9,1.682699271822e-01,0,,1031,23500
1.0,1.681779295018e-01,0,,1031,23500
1.1,1.680899583929e-01,0,,1037,23494
1.2,1.680060164689e-01,0,,1035,23496
1.3,1.679261063437e-01,0,,1036,23495
1.4,1.678502306309e-01,0,,1035,23496
1.5,1.677783919448e-01,0,,1033,23498
1.6,1.677105929000e-01,0,,1028,23503
1.7,1.676468361107e-01,0,,1031,23500
1.8,1.675871241934e-01,0,,1036,23495
1.9,1.675314597626e-01,0,,1035,23496
2.0,1.674798454342e-01,0,,1032,23499
2.1,1.674322838239e-01,0,,1029,23502
2.2,1.673887775481e-01,0,,1027,23504
2.3,1.673493292233e-01,0,,1027,23504
2.4,1.673139414661e-01,0,,1027,23504
2.5,1.672826168936e-01,0,,1033,23498
2.6,1.672553581231e-01,0,,1033,23498
2.7,1.672321677720e-01,0,,1036,23495
2.8,1.672130484583e-01,0,,1038,23493
2.9,1.671980028000e-01,0,,1036,23495
3.0,1.671870334152e-01,0,,1039,23492
3.1,1.671801429227e-01,0,,1036,23495
3.2,1.671773339412e-01,0,,1032,23499
3.3,1.671786090897e-01,0,,1030,23501
3.4,1.671839709875e-01,0,,1036,23495
3.5,1.671934222540e-01,0,,1037,23494
3.6,1.672069655091e-01,0,,1036,23495
3.7,1.672246033727e-01,0,,1033,23498
3.8,1.672463384650e-01,0,,1030,23501
3.9,1.672721734064e-01,0,,1027,23504
4.0,1.673021108175e-01,0,,1027,23504
4.1,1.673361533193e-01,0,,1029,23502
4.2,1.673743035327e-01,0,,1033,23498
4.3,1.674165640792e-01,0,,1032,23499
4.4,1.674629375801e-01,0,,1038,23493
4.5,1.675134266572e-01,0,,1036,23495
4.6,1.675680339324e-01,0,,1037,23494
4.7,1.676267620278e-01,0,,1036,23495
4.8,1.676896135657e-01,0,,1034,23497
4.9,1.677565911685e-01,0,,1029,23502
5.0,1.678276974591e-01,0,,1030,23501
5.1,1.679029350602e-01,0,,1037,23494
5.2,1.679679655980e-01,0,,1037,23494
5.3,1.678810233429e-01,0,,1033,23498
5.4,1.677981310992e-01,0,,1030,23501
5.5,1.677192915016e-01,0,,1028,23503
5.6,1.676445071851e-01,0,,1027,23504
5.7,1.675737807853e-01,0,,1026,23505
5.8,1.675071149377e-01,0,,1032,23499
5.9,1.674445122782e-01,0,,1031,23500
6.0,1.673859754432e-01,0,,1034,23497
6.1,1.673315070691e-01,0,,1035,23496
6.2,1.672811097928e-01,0,,1034,23497
6.3,1.672347862513e-01,0,,1037,23494
6.4,1.671925390820e-01,0,,1034,23497
6.5,1.671543709225e-01,0,,1031,23500
6.6,1.671202844107e-01,0,,1029,23502
6.7,1.670902821848e-01,0,,1036,23495
6.8,1.670643668831e-01,0,,1037,23494
6.9,1.670425411445e-01,0,,1035,23496
7.0,1.670248076071e-01,0,,1032,23499
7.1,1.670111689116e-01,0,,1029,23502
7.2,1.670016276967e-01,0,,1025,23506
7.3,1.669961866021e-01,0,,1027,23504
7.4,1.669948482677e-01,0,,1028,23503
7.5,1.669976153339e-01,0,,1032,23499
7.6,1.670044904409e-01,0,,1031,23500
7.7,1.670154762295e-01,0,,1037,23494
7.8,1.670305753405e-01,0,,1035,23496
7.9,1.670497904152e-01,0,,1037,23494
8.0,1.670731240949e-01,0,,1036,23495
8.1,1.671005790211e-01,0,,1036,23495
8.2,1.671321578357e-01,0,,1031,23500
8.3,1.671678631809e-01,0,,1031,23500
8.4,1.672076976987e-01,0,,1038,23493
8.5,1.672516640317e-01,0,,1038,23493
8.6,1.672997648225e-01,0,,1034,23497
8.7,1.673520027141e-01,0,,1032,23499
8.8,1.674083803496e-01,0,,1029,23502
8.9,1.674689003722e-01,0,,1029,23502
9.0,1.675335654255e-01,0,,1027,23504
9.1,1.676023781530e-01,0,,1033,23498
9.2,1.676753411988e-01,0,,1032,23499
9.3,1.677524572069e-01,0,,1035,23496
9.4,1.678337288216e-01,0,,1036,23495
9.5,1.679191586872e-01,0,,1036,23495
9.6,1.680087494485e-01,0,,1038,23493
9.7,1.681025037503e-01,0,,1035,23496
9.8,1.682004242373e-01,0,,1033,23498
9.9,1.683025135550e-01,0,,1032,23499
10.0,1.684087743486e-01,0,,1038,23493
10.1,1.685192092635e-01,0,,1038,23493
10.2,1.686338209453e-01,0,,1037,23494
10.3,1.687526120400e-01,0,,1034,23497
10.4,1.688755851935e-01,0,,1030,23501
10.5,1.690027430519e-01,0,,1025,23506
10.6,1.691340882614e-01,0,,1026,23505
10.7,1.692696234684e-01,0,,1026,23505
10.8,1.694093513195e-01,0,,1030,23501
10.9,1.695532744614e-01,0,,1029,23502
11.0,1.697013955409e-01,0,,1036,23495
11.1,1.698537172049e-01,0,,1034,23497
11.2,1.700102421007e-01,0,,1034,23497
11.3,1.701709728753e-01,0,,1035,23496
11.4,1.703359121762e-01,0,,1035,23496
11.5,1.705050626506e-01,0,,1030,23501
11.6,1.706784269464e-01,0,,1030,23501
11.7,1.708560077110e-01,0,,1038,23493
11.8,1.710378075924e-01,0,,1037,23494
11.9,1.712238292384e-01,0,,1033,23498
12.0,1.714140752972e-01,0,,1032,23499
12.1,1.716085484168e-01,0,,1028,23503
12.2,1.718072512444e-01,0,,1027,23504
12.3,1.720101864303e-01,0,,1025,23506
12.4,1.722173566218e-01,0,,1031,23500
12.5,1.724287644676e-01,0,,1030,23501
12.6,1.726444126161e-01,0,,1033,23498
12.7,1.728643037160e-01,0,,1036,23495
12.8,1.730884404160e-01,0,,1035,23496
12.9,1.733168253650e-01,0,,1038,23493
13.0,1.735494612117e-01,0,,1036,23495
13.1,1.737863506051e-01,0,,1033,23498
13.2,1.740274961944e-01,0,,1031,23500
13.3,1.742729006283e-01,0,,1036,23495
13.4,1.745225665564e-01,0,,1038,23493
13.5,1.747764966274e-01,0,,1037,23494
13.6,1.750346934908e-01,0,,1034,23497
13.7,1.752971597959e-01,0,,1030,23501
13.8,1.755638981920e-01,0,,1026,23505
13.9,1.758349113284e-01,0,,1027,23504
14.0,1.761102018544e-01,0,,1027,23504
14.1,1.763897724196e-01,0,,1032,23499
14.2,1.766736256734e-01,0,,1032,23499
14.3,1.769617642653e-01,0,,1037,23494
14.4,1.772541908446e-01,0,,1036,23495
14.5,1.775509080613e-01,0,,1036,23495
14.6,1.778519185645e-01,0,,1037,23494
14.7,1.781572250040e-01,0,,1036,23495
14.8,1.784668300291e-01,0,,1031,23500
14.9,1.787807362897e-01,0,,1032,23499
15.0,1.790989464351e-01,0,,1041,23490
15.1,1.794214631151e-01,0,,1038,23493
15.2,1.797482889789e-01,0,,1036,23495
15.3,1.800794266766e-01,0,,1035,23496
15.4,1.804148788575e-01,0,,1032,23499
15.5,1.807546481710e-01,0,,1029,23502
15.6,1.810987372668e-01,0,,1028,23503
15.7,1.814471487943e-01,0,,1034,23497
15.8,1.817998854029e-01,0,,1033,23498
15.9,1.821569497421e-01,0,,1035,23496
16.0,1.825183444612e-01,0,,1039,23492
16.1,1.828840722095e-01,0,,1039,23492
16.2,1.832541356367e-01,0,,1040,23491
16.3,1.836285373918e-01,0,,1038,23493
16.4,1.840072801238e-01,0,,1035,23496
16.5,1.843887477810e-01,0,,1032,23499
16.6,1.844186062357e-01,0,,1038,23493
16.7,1.844176283607e-01,0,,1040,23491
16.8,1.843879821718e-01,0,,1041,23490
16.9,1.843624147181e-01,0,,1037,23494
17.0,1.843409286283e-01,0,,1033,23498
17.1,1.843235265315e-01,0,,1029,23502
17.2,1.843102110568e-01,0,,1029,23502
17.3,1.843009848337e-01,0,,1029,23502
17.4,1.842958504920e-01,0,,1033,23498
17.5,1.842948106615e-01,0,,1034,23497
17.6,1.842978679725e-01,0,,1038,23493
17.7,1.843050250553e-01,0,,1039,23492
17.8,1.843162845405e-01,0,,1038,23493
17.9,1.843316490592e-01,0,,1039,23492
18.0,1.843511212423e-01,0,,1038,23493
18.1,1.843747037213e-01,0,,1034,23497
18.2,1.844023991275e-01,0,,1034,23497
18.3,1.844342100928e-01,0,,1040,23491
18.4,1.844030566314e-01,0,,1039,23492
18.5,1.843753451201e-01,0,,1040,23491
18.6,1.843517135409e-01,0,,1038,23493
18.7,1.843321645225e-01,0,,1036,23495
18.8,1.843167006941e-01,0,,1030,23501
18.9,1.843053246847e-01,0,,1030,23501
19.0,1.842980391240e-01,0,,1035,23496
19.1,1.842948466416e-01,0,,1035,23496
19.2,1.842957498676e-01,0,,1037,23494
19.3,1.843007514321e-01,0,,1042,23489
19.4,1.843098539655e-01,0,,1039,23492
19.5,1.843230600986e-01,0,,1041,23490
19.6,1.843403724623e-01,0,,1039,23492
19.7,1.840902299959e-01,0,,1038,23493
19.8,1.836860730925e-01,0,,1035,23496
19.9,1.832860987267e-01,0,,1040,23491
20.0,1.828903098933e-01,0,,1042,23489
20.1,1.824987095868e-01,0,,1043,23488
20.2,1.821113008030e-01,0,,1040,23491
20.3,1.817280865376e-01,0,,1037,23494
20.4,1.813490697877e-01,0,,1033,23498
20.5,1.809742535505e-01,0,,1033,23498
20.6,1.806036408241e-01,0,,1033,23498
20.7,1.802372346067e-01,0,,1037,23494
20.8,1.798750378977e-01,0,,1038,23493
20.9,1.795170536966e-01,0,,1042,23489
21.0,1.791632850036e-01,0,,1044,23487
21.1,1.788137348196e-01,0,,1040,23491
21.2,1.784684061458e-01,0,,1042,23489
21.3,1.781273019841e-01,0,,1040,23491
21.4,1.777904253373e-01,0,,1039,23492
21.5,1.774577792080e-01,0,,1037,23494
21.6,1.771293666001e-01,0,,1045,23486
21.7,1.768051905175e-01,0,,1044,23487
21.8,1.764852539652e-01,0,,1043,23488
21.9,1.761695599484e-01,0,,1043,23488
22.0,1.758581114724e-01,0,,1041,23490
22.1,1.755509115439e-01,0,,1036,23495
22.2,1.752479631697e-01,0,,1035,23496
22.3,1.749492693571e-01,0,,1037,23494
22.4,1.746548331136e-01,0,,1039,23492
22.5,1.743646574487e-01,0,,1041,23490
22.6,1.740787453709e-01,0,,1046,23485
22.7,1.737970998896e-01,0,,1043,23488
22.8,1.735197240148e-01,0,,1045,23486
22.9,1.732466207569e-01,0,,1043,23488
23.0,1.729777931271e-01,0,,1042,23489
23.1,1.727132441370e-01,0,,1038,23493
23.2,1.724529767984e-01,0,,1043,23488
23.3,1.721969941241e-01,0,,1046,23485
23.4,1.719452991270e-01,0,,1046,23485
23.5,1.716978948208e-01,0,,1043,23488
23.6,1.714547842192e-01,0,,1039,23492
23.7,1.712159703369e-01,0,,1035,23496
23.8,1.709814561890e-01,0,,1035,23496
23.9,1.707512447908e-01,0,,1034,23497
24.0,1.705253391585e-01,0,,1039,23492
24.1,1.703037423083e-01,0,,1038,23493
24.2,1.700864572573e-01,0,,1043,23488
24.3,1.698734870228e-01,0,,1045,23486
24.4,1.696648346228e-01,0,,1040,23491
24.5,1.694605030754e-01,0,,1042,23489
24.6,1.692604953994e-01,0,,1040,23491
24.7,1.690648146142e-01,0,,1039,23492
24.8,1.688734637393e-01,0,,1036,23495
24.9,1.686864457950e-01,0,,1044,23487
25.0,1.685037638017e-01,0,,1044,23487
25.1,1.683254207806e-01,0,,1042,23489
25.2,1.681514197531e-01,0,,1041,23490
25.3,1.679817637410e-01,0,,1039,23492
25.4,1.678164557666e-01,0,,1034,23497
25.5,1.676554988528e-01,0,,1033,23498
25.6,1.674988960227e-01,0,,1035,23496
25.7,1.673466503000e-01,0,,1037,23494
25.8,1.671987647087e-01,0,,1040,23491
25.9,1.670552422732e-01,0,,1045,23486
26.0,1.669160860184e-01,0,,1041,23490
26.1,1.667812989695e-01,0,,1042,23489
26.2,1.666508841522e-01,0,,1041,23490
26.3,1.665248445926e-01,0,,1040,23491
26.4,1.664031833171e-01,0,,1036,23495
26.5,1.662859033527e-01,0,,1041,23490
26.6,1.661730077266e-01,0,,1044,23487
26.7,1.660644994664e-01,0,,1044,23487
26.8,1.659603816002e-01,0,,1042,23489
26.9,1.658606571563e-01,0,,1037,23494
27.0,1.657653291635e-01,0,,1033,23498
27.1,1.656744006510e-01,0,,1034,23497
27.2,1.655878746483e-01,0,,1032,23499
27.3,1.655057541848e-01,0,,1038,23493
27.4,1.654280422918e-01,0,,1037,23494
27.5,1.653547419995e-01,0,,1043,23488
27.6,1.652858563388e-01,0,,1044,23487
27.7,1.652213883411e-01,0,,1041,23490
27.8,1.651613410379e-01,0,,1041,23490
27.9,1.651057174613e-01,0,,1040,23491
28.0,1.650545206438e-01,0,,1039,23492
28.1,1.650077536178e-01,0,,1035,23496
28.2,1.649654194167e-01,0,,1045,23486
28.3,1.649275210736e-01,0,,1045,23486
28.4,1.648940616223e-01,0,,1044,23487
28.5,1.648650440969e-01,0,,1043,23488
28.6,1.648404715316e-01,0,,1041,23490
28.7,1.648203469611e-01,0,,1036,23495
28.8,1.648046734203e-01,0,,1036,23495
28.9,1.647934539447e-01,0,,1037,23494
29.0,1.647866915696e-01,0,,1039,23492
29.1,1.647843893311e-01,0,,1041,23490
29.2,1.647865502652e-01,0,,1047,23484
29.3,1.647931774085e-01,0,,1043,23488
29.4,1.648042737978e-01,0,,1043,23488
29.5,1.648198424699e-01,0,,1043,23488
29.6,1.648398864624e-01,0,,1041,23490
29.7,1.648644088128e-01,0,,1038,23493
29.8,1.648934125590e-01,0,,1043,23488
29.9,1.649269007391e-01,0,,1045,23486
30.0,1.649648763916e-01,0,,1047,23484
30.1,1.650073425550e-01,0,,1044,23487
30.2,1.650543022685e-01,0,,1041,23490
30.3,1.651057585712e-01,0,,1038,23493
30.4,1.651617145025e-01,0,,1037,23494
30.5,1.652221731021e-01,0,,1035,23496
30.6,1.652871374099e-01,0,,1041,23490
30.7,1.653566104662e-01,0,,1040,23491
30.8,1.654305953114e-01,0,,1045,23486
30.9,1.655090949860e-01,0,,1047,23484
31.0,1.655921125310e-01,0,,1044,23487
31.1,1.655856842747e-01,0,,1044,23487
31.2,1.654938551718e-01,0,,1043,23488
31.3,1.654064505379e-01,0,,1042,23489
31.4,1.653234734280e-01,0,,1038,23493
31.5,1.652449268972e-01,0,,1047,23484
31.6,1.651708140010e-01,0,,1048,23483
31.7,1.651011377953e-01,0,,1047,23484
31.8,1.650359013364e-01,0,,1045,23486
31.9,1.649751076809e-01,0,,1045,23486
32.0,1.649187598857e-01,0,,1039,23492
32.1,1.648668610081e-01,0,,1039,23492
32.2,1.648194141051e-01,0,,1039,23492
32.3,1.647764222362e-01,0,,1041,23490
32.4,1.647378884588e-01,0,,1043,23488
32.5,1.647038158317e-01,0,,1049,23482
32.6,1.646742074139e-01,0,,1046,23485
32.7,1.646490662646e-01,0,,1046,23485
32.8,1.646283954436e-01,0,,1045,23486
32.9,1.646121980106e-01,0,,1044,23487
33.0,1.646004770260e-01,0,,1040,23491
33.1,1.645932355504e-01,0,,1044,23487
33.2,1.645904766446e-01,0,,1047,23484
33.3,1.645922033699e-01,0,,1049,23482
33.4,1.645984187876e-01,0,,1047,23484
33.5,1.646091259595e-01,0,,1044,23487
33.6,1.646243279478e-01,0,,1041,23490
33.7,1.646440278147e-01,0,,1041,23490
33.8,1.646682286229e-01,0,,1040,23491
33.9,1.646969334353e-01,0,,1044,23487
34.0,1.647301453150e-01,0,,1043,23488
34.1,1.647678673255e-01,0,,1046,23485
34.2,1.648101025305e-01,0,,1049,23482
34.3,1.648568539940e-01,0,,1046,23485
34.4,1.649081247802e-01,0,,1046,23485
34.5,1.649639179536e-01,0,,1046,23485
34.6,1.650242365790e-01,0,,1044,23487
34.7,1.650890837213e-01,0,,1041,23490
34.8,1.651584624458e-01,0,,1050,23481
34.9,1.652323758179e-01,0,,1050,23481
35.0,1.653108269035e-01,0,,1051,23480
35.1,1.653938187682e-01,0,,1048,23483
35.2,1.654813544785e-01,0,,1046,23485
35.3,1.655734371005e-01,0,,1043,23488
35.4,1.656700697010e-01,0,,1042,23489
35.5,1.657712553468e-01,0,,1042,23489
35.6,1.658769971048e-01,0,,1046,23485
35.7,1.659872980424e-01,0,,1046,23485
35.8,1.661021612269e-01,0,,1052,23479
35.9,1.662215897259e-01,0,,1049,23482
36.0,1.663455866076e-01,0,,1049,23482
36.1,1.664741549397e-01,0,,1048,23483
36.2,1.666072977905e-01,0,,1048,23483
36.3,1.667450182284e-01,0,,1043,23488
36.4,1.668873193219e-01,0,,1045,23486
36.5,1.670342041398e-01,0,,1049,23482
36.6,1.671856757510e-01,0,,1051,23480
36.7,1.673417372245e-01,0,,1048,23483
36.8,1.675023916298e-01,0,,1046,23485
36.9,1.676676420353e-01,0,,1044,23487
37.0,1.678374915122e-01,0,,1043,23488
37.1,1.680119431294e-01,0,,1042,23489
37.2,1.681909999567e-01,0,,1047,23484
37.3,1.683746650640e-01,0,,1045,23486
37.4,1.685629415217e-01,0,,1048,23483
37.5,1.687558323998e-01,0,,1050,23481
37.6,1.689533407687e-01,0,,1048,23483
37.7,1.691554696991e-01,0,,1049,23482
37.8,1.693622222615e-01,0,,1047,23484
37.9,1.695736015266e-01,0,,1047,23484
38.0,1.697896105654e-01,0,,1042,23489
38.1,1.700102524485e-01,0,,1051,23480
38.2,1.702355302474e-01,0,,1050,23481
38.3,1.704654470330e-01,0,,1051,23480
38.4,1.707000058764e-01,0,,1049,23482
38.5,1.709392098494e-01,0,,1047,23484
38.6,1.711830620231e-01,0,,1043,23488
38.7,1.714315654691e-01,0,,1044,23487
38.8,1.716847232589e-01,0,,1044,23487
38.9,1.719425384640e-01,0,,1047,23484
39.0,1.722050141565e-01,0,,1048,23483
39.1,1.724721534078e-01,0,,1054,23477
39.2,1.727439592898e-01,0,,1050,23481
39.3,1.730204348746e-01,0,,1051,23480
39.4,1.733015832340e-01,0,,1049,23482
39.5,1.735874074401e-01,0,,1050,23481
39.6,1.738779105647e-01,0,,1045,23486
39.7,1.741730956799e-01,0,,1046,23485
39.8,1.744729658577e-01,0,,1051,23480
39.9,1.747775241705e-01,0,,1053,23478
40.0,1.750867736899e-01,0,,1050,23481
40.1,1.754007174887e-01,0,,1050,23481
40.2,1.757193586387e-01,0,,1046,23485
40.3,1.760427002122e-01,0,,1046,23485
40.4,1.763707452812e-01,0,,1044,23487
40.5,1.767034969180e-01,0,,1049,23482
40.6,1.770409581945e-01,0,,1048,23483
40.7,1.773831321832e-01,0,,1052,23479
40.8,1.777300219560e-01,0,,1054,23477
40.9,1.780816305850e-01,0,,1052,23479
41.0,1.784379611426e-01,0,,1051,23480
41.1,1.787990167005e-01,0,,1050,23481
41.2,1.791648003310e-01,0,,1050,23481
41.3,1.795353151059e-01,0,,1047,23484
41.4,1.799105640969e-01,0,,1054,23477
41.5,1.802905503765e-01,0,,1053,23478
41.6,1.806752770151e-01,0,,1054,23477
41.7,1.810647470862e-01,0,,1052,23479
41.8,1.814589636612e-01,0,,1049,23482
41.9,1.818579298115e-01,0,,1046,23485
42.0,1.822616486086e-01,0,,1048,23483
42.1,1.824130209744e-01,0,,1048,23483
42.2,1.824352389186e-01,0,,1051,23480
42.3,1.824619497371e-01,0,,1052,23479
42.4,1.824931564804e-01,0,,1059,23472
42.5,1.825141175692e-01,0,,1054,23477
42.6,1.824803109856e-01,0,,1051,23480
42.7,1.824509590212e-01,0,,1050,23481
42.8,1.824260647230e-01,0,,1051,23480
42.9,1.824056311385e-01,0,,1048,23483
43.0,1.823896613151e-01,0,,1048,23483
43.1,1.823781583009e-01,0,,1054,23477
43.2,1.823711251441e-01,0,,1055,23476
43.3,1.823685648931e-01,0,,1053,23478
43.4,1.823704805969e-01,0,,1053,23478
43.5,1.823768753045e-01,0,,1049,23482
43.6,1.823877520653e-01,0,,1049,23482
43.7,1.824031139290e-01,0,,1047,23484
43.8,1.824229639454e-01,0,,1051,23480
43.9,1.824473051649e-01,0,,1050,23481
44.0,1.824761406379e-01,0,,1055,23476
44.1,1.825094734149e-01,0,,1058,23473
44.2,1.824975827235e-01,0,,1054,23477
44.3,1.824658815987e-01,0,,1053,23478
44.4,1.824386364712e-01,0,,1052,23479
44.5,1.824158503881e-01,0,,1051,23480
44.6,1.823975263968e-01,0,,1048,23483
44.7,1.823836675449e-01,0,,1053,23478
44.8,1.823742768803e-01,0,,1054,23477
44.9,1.823693574514e-01,0,,1054,23477
45.0,1.823689123066e-01,0,,1053,23478
45.1,1.820400539842e-01,0,,1050,23481
45.2,1.816120721954e-01,0,,1047,23484
45.3,1.811886645089e-01,0,,1049,23482
45.4,1.807698344101e-01,0,,1049,23482
45.5,1.803555853850e-01,0,,1052,23479
45.6,1.799459209198e-01,0,,1053,23478
45.7,1.795408445022e-01,0,,1059,23472
45.8,1.791403596210e-01,0,,1054,23477
45.9,1.787444697637e-01,0,,1052,23479
46.0,1.783531784208e-01,0,,1052,23479
46.1,1.779664890823e-01,0,,1052,23479
46.2,1.775844052391e-01,0,,1049,23482
46.3,1.772069303838e-01,0,,1049,23482
46.4,1.768340680086e-01,0,,1055,23476
46.5,1.764658216064e-01,0,,1054,23477
46.6,1.761021946712e-01,0,,1053,23478
46.7,1.757431906980e-01,0,,1053,23478
46.8,1.753888131816e-01,0,,1051,23480
46.9,1.750390656183e-01,0,,1050,23481
47.0,1.746939515048e-01,0,,1048,23483
47.1,1.743534743384e-01,0,,1054,23477
47.2,1.740176376176e-01,0,,1053,23478
47.3,1.736864448406e-01,0,,1056,23475
47.4,1.733598995075e-01,0,,1058,23473
47.5,1.730380051178e-01,0,,1056,23475
47.6,1.727207651725e-01,0,,1054,23477
47.7,1.724081831731e-01,0,,1053,23478
47.8,1.721002626216e-01,0,,1051,23480
47.9,1.717970070210e-01,0,,1048,23483
48.0,1.714984198746e-01,0,,1054,23477
48.1,1.712045046866e-01,0,,1055,23476
48.2,1.709152649615e-01,0,,1055,23476
48.3,1.706307042049e-01,0,,1053,23478
48.4,1.703508259225e-01,0,,1052,23479
48.5,1.700756336211e-01,0,,1049,23482
48.6,1.698051308079e-01,0,,1050,23481
48.7,1.695393209909e-01,0,,1050,23481
48.8,1.692782076786e-01,0,,1052,23479
48.9,1.690217943800e-01,0,,1052,23479
49.0,1.687700846047e-01,0,,1057,23474
49.1,1.685230818635e-01,0,,1055,23476
49.2,1.682807896670e-01,0,,1052,23479
49.3,1.680432115265e-01,0,,1052,23479
49.4,1.678103509544e-01,0,,1052,23479
49.5,1.675822114634e-01,0,,1050,23481
49.6,1.673587965667e-01,0,,1049,23482
49.7,1.671401097786e-01,0,,1053,23478
49.8,1.669261546129e-01,0,,1052,23479
49.9,1.667169345850e-01,0,,1050,23481
50.0,1.665124532106e-01,0,,1051,23480
50.1,1.663127140056e-01,0,,1050,23481
50.2,1.661177204868e-01,0,,1047,23484
50.3,1.659274761715e-01,0,,1046,23485
50.4,1.657419845775e-01,0,,1050,23481
50.5,1.655612492233e-01,0,,1049,23482
50.6,1.653852736276e-01,0,,1053,23478
50.7,1.652140613102e-01,0,,1056,23475
50.8,1.650476157901e-01,0,,1052,23479
50.9,1.648859405891e-01,0,,1051,23480
51.0,1.647290392277e-01,0,,1050,23481
51.1,1.645769152274e-01,0,,1049,23482
51.2,1.644295721103e-01,0,,1045,23486
51.3,1.642870133990e-01,0,,1050,23481
51.4,1.641492426166e-01,0,,1051,23480
51.5,1.640162632866e-01,0,,1051,23480
51.6,1.638880789332e-01,0,,1049,23482
51.7,1.637646930809e-01,0,,1048,23483
51.8,1.636461092547e-01,0,,1045,23486
51.9,1.635323309803e-01,0,,1046,23485
52.0,1.634233617836e-01,0,,1047,23484
52.1,1.633192051913e-01,0,,1049,23482
52.2,1.632198647301e-01,0,,1049,23482
52.3,1.631253439276e-01,0,,1055,23476
52.4,1.630356463116e-01,0,,1054,23477
52.5,1.629507754106e-01,0,,1050,23481
52.6,1.628707347531e-01,0,,1050,23481
52.7,1.627955278686e-01,0,,1049,23482
52.8,1.627251582867e-01,0,,1048,23483
52.9,1.626596295376e-01,0,,1046,23485
53.0,1.625989451517e-01,0,,1052,23479
53.1,1.625431086601e-01,0,,1050,23481
53.2,1.624921235941e-01,0,,1050,23481
53.3,1.624459934857e-01,0,,1051,23480
53.4,1.624047218669e-01,0,,1049,23482
53.5,1.623683122705e-01,0,,1050,23481
53.6,1.623367682294e-01,0,,1049,23482
53.7,1.623100932772e-01,0,,1050,23481
53.8,1.622882909477e-01,0,,1052,23479
53.9,1.622713647749e-01,0,,1056,23475
54.0,1.622593182937e-01,0,,1059,23472
54.1,1.622521550389e-01,0,,1055,23476
54.2,1.622498785459e-01,0,,1054,23477
54.3,1.622524923505e-01,0,,1053,23478
54.4,1.622599999887e-01,0,,1052,23479
54.5,1.622724049969e-01,0,,1048,23483
54.6,1.622897109120e-01,0,,1052,23479
54.7,1.623119212711e-01,0,,1054,23477
54.8,1.623390396117e-01,0,,1054,23477
54.9,1.623710694716e-01,0,,1053,23478
55.0,1.624080143890e-01,0,,1050,23481
55.1,1.624498779023e-01,0,,1047,23484
55.2,1.624966635497e-01,0,,1049,23482
55.3,1.625483748717e-01,0,,1049,23482
55.4,1.626050154071e-01,0,,1053,23478
55.5,1.626665886955e-01,0,,1052,23479
55.6,1.627330982772e-01,0,,1058,23473
55.7,1.628045476923e-01,0,,1057,23474
55.8,1.628809404815e-01,0,,1054,23477
55.9,1.629622801859e-01,0,,1053,23478
56.0,1.630485703465e-01,0,,1052,23479
56.1,1.631398145049e-01,0,,1051,23480
56.2,1.630737184972e-01,0,,1048,23483
56.3,1.629759927188e-01,0,,1054,23477
56.4,1.628831131531e-01,0,,1053,23478
56.5,1.627950833581e-01,0,,1054,23477
56.6,1.627119068922e-01,0,,1053,23478
56.7,1.626335873140e-01,0,,1052,23479
56.8,1.625601281828e-01,0,,1051,23480
56.9,1.624915330582e-01,0,,1051,23480
57.0,1.624278055003e-01,0,,1052,23479
57.1,1.623689490698e-01,0,,1054,23477
57.2,1.623149673275e-01,0,,1058,23473
57.3,1.622658638348e-01,0,,1060,23471
57.4,1.622216421536e-01,0,,1056,23475
57.5,1.621823058461e-01,0,,1055,23476
57.6,1.621478584748e-01,0,,1054,23477
57.7,1.621183036029e-01,0,,1054,23477
57.8,1.620936447938e-01,0,,1049,23482
57.9,1.620738856113e-01,0,,1053,23478
58.0,1.620590296197e-01,0,,1055,23476
58.1,1.620490803836e-01,0,,1054,23477
58.2,1.620440414680e-01,0,,1054,23477
58.3,1.620439164382e-01,0,,1051,23480
58.4,1.620487088600e-01,0,,1050,23481
58.5,1.620584222996e-01,0,,1051,23480
58.6,1.620730603233e-01,0,,1050,23481
58.7,1.620926264981e-01,0,,1056,23475
58.8,1.621171243911e-01,0,,1055,23476
58.9,1.621465575698e-01,0,,1061,23470
59.0,1.621809296021e-01,0,,1059,23472
59.1,1.622202440561e-01,0,,1057,23474
59.2,1.622645045006e-01,0,,1055,23476
59.3,1.623137145042e-01,0,,1054,23477
59.4,1.623678776362e-01,0,,1053,23478
59.5,1.624269974661e-01,0,,1050,23481
59.6,1.624910775628e-01,0,,1057,23474
59.7,1.625601214981e-01,0,,1055,23476
59.8,1.626341328415e-01,0,,1057,23474
59.9,1.627131151638e-01,0,,1055,23476
60.0,1.627970720360e-01,0,,1053,23478
60.1,1.628860070293e-01,0,,1052,23479
60.2,1.629799237152e-01,0,,1052,23479
60.3,1.630788256656e-01,0,,1052,23479
60.4,1.631827164525e-01,0,,1055,23476
60.5,1.632915996485e-01,0,,1058,23473
60.6,1.634054788260e-01,0,,1063,23468
60.7,1.635243575578e-01,0,,1060,23471
60.8,1.636482394173e-01,0,,1056,23475
60.9,1.637771279777e-01,0,,1056,23475
61.0,1.639110268125e-01,0,,1055,23476
61.1,1.640499394957e-01,0,,1050,23481
61.2,1.641938696011e-01,0,,1054,23477
61.3,1.643428207031e-01,0,,1055,23476
61.4,1.644967963762e-01,0,,1056,23475
61.5,1.646558001950e-01,0,,1053,23478
61.6,1.648198357343e-01,0,,1050,23481
61.7,1.649889065695e-01,0,,1050,23481
61.8,1.651630162756e-01,0,,1051,23480
61.9,1.653421684281e-01,0,,1051,23480
62.0,1.655263666028e-01,0,,1056,23475
62.1,1.657156143751e-01,0,,1055,23476
62.2,1.659099153214e-01,0,,1060,23471
62.3,1.661092730176e-01,0,,1060,23471
62.4,1.663136910404e-01,0,,1059,23472
62.5,1.665231729658e-01,0,,1056,23475
62.6,1.667377223707e-01,0,,1055,23476
62.7,1.669573428316e-01,0,,1054,23477
62.8,1.671820379256e-01,0,,1050,23481
62.9,1.674118112296e-01,0,,1057,23474
63.0,1.676466663207e-01,0,,1056,23475
63.1,1.678866067763e-01,0,,1057,23474
63.2,1.681316361734e-01,0,,1054,23477
63.3,1.683817580899e-01,0,,1051,23480
63.4,1.686369761033e-01,0,,1052,23479
63.5,1.688972937911e-01,0,,1052,23479
63.6,1.691627147312e-01,0,,1053,23478
63.7,1.694332425012e-01,0,,1057,23474
63.8,1.697088806793e-01,0,,1057,23474
63.9,1.699896328425e-01,0,,1065,23466
64.0,1.702755025705e-01,0,,1061,23470
64.1,1.705664934408e-01,0,,1058,23473
64.2,1.708626090314e-01,0,,1057,23474
64.3,1.711638529205e-01,0,,1057,23474
64.4,1.714702286865e-01,0,,1052,23479
64.5,1.717817399074e-01,0,,1056,23475
64.6,1.720983901618e-01,0,,1057,23474
64.7,1.724201830279e-01,0,,1058,23473
64.8,1.727471220840e-01,0,,1056,23475
64.9,1.730792109086e-01,0,,1054,23477
65.0,1.734164530802e-01,0,,1055,23476
65.1,1.737588521771e-01,0,,1055,23476
65.2,1.741064117777e-01,0,,1055,23476
65.3,1.744591354602e-01,0,,1060,23471
65.4,1.748170268028e-01,0,,1059,23472
65.5,1.751800893844e-01,0,,1064,23467
65.6,1.755483267826e-01,0,,1067,23464
65.7,1.759217425764e-01,0,,1065,23466
65.8,1.763003403436e-01,0,,1063,23468
65.9,1.766841236624e-01,0,,1061,23470
66.0,1.770730961109e-01,0,,1060,23471
66.1,1.774672612672e-01,0,,1056,23475
66.2,1.778666227092e-01,0,,1064,23467
66.3,1.782711840148e-01,0,,1061,23470
66.4,1.786809487619e-01,0,,1064,23467
66.5,1.790959205277e-01,0,,1061,23470
66.6,1.795161028908e-01,0,,1059,23472
66.7,1.799414994282e-01,0,,1060,23471
66.8,1.803288166744e-01,0,,1060,23471
66.9,1.803362523443e-01,0,,1060,23471
67.0,1.803485995632e-01,0,,1064,23467
67.1,1.803658618826e-01,0,,1064,23467
67.2,1.803880428542e-01,0,,1072,23459
67.3,1.804151460300e-01,0,,1068,23463
67.4,1.804471749627e-01,0,,1065,23466
67.5,1.804841332047e-01,0,,1063,23468
67.6,1.804644811572e-01,0,,1064,23467
67.7,1.804301704911e-01,0,,1059,23472
67.8,1.804007410215e-01,0,,1060,23471
67.9,1.803761962964e-01,0,,1063,23468
68.0,1.803565398644e-01,0,,1064,23467
68.1,1.803417752745e-01,0,,1062,23469
68.2,1.803319060757e-01,0,,1060,23471
68.3,1.803269358180e-01,0,,1062,23469
68.4,1.803268680514e-01,0,,1062,23469
68.5,1.803317063262e-01,0,,1060,23471
68.6,1.803414541932e-01,0,,1066,23465
68.7,1.803561152033e-01,0,,1064,23467
68.8,1.803756929081e-01,0,,1068,23463
68.9,1.804001908593e-01,0,,1070,23461
69.0,1.804296126089e-01,0,,1068,23463
69.1,1.804639617095e-01,0,,1065,23466
69.2,1.804846113652e-01,0,,1064,23467
69.3,1.804477193850e-01,0,,1064,23467
69.4,1.804157066461e-01,0,,1061,23470
69.5,1.803885766964e-01,0,,1067,23464
69.6,1.803663330839e-01,0,,1064,23467
69.7,1.799152648658e-01,0,,1065,23466
69.8,1.794606743171e-01,0,,1063,23468
69.9,1.790110995179e-01,0,,1061,23470
70.0,1.785665445441e-01,0,,1061,23470
70.1,1.781270134724e-01,0,,1063,23468
70.2,1.776925103805e-01,0,,1063,23468
70.3,1.772630393474e-01,0,,1067,23464
70.4,1.768386044518e-01,0,,1066,23465
70.5,1.764192097745e-01,0,,1075,23456
70.6,1.760048593973e-01,0,,1071,23460
70.7,1.755955574017e-01,0,,1069,23462
70.8,1.751913078716e-01,0,,1066,23465
70.9,1.747921148906e-01,0,,1068,23463
71.0,1.743979825440e-01,0,,1064,23467
71.1,1.740089149176e-01,0,,1064,23467
71.2,1.736249160983e-01,0,,1068,23463
71.3,1.732459901737e-01,0,,1067,23464
71.4,1.728721412326e-01,0,,1065,23466
71.5,1.725033733644e-01,0,,1066,23465
71.6,1.721396906592e-01,0,,1065,23466
71.7,1.717810972083e-01,0,,1067,23464
71.8,1.714275971038e-01,0,,1066,23465
71.9,1.710791944387e-01,0,,1070,23461
72.0,1.707358933069e-01,0,,1068,23463
72.1,1.703976978025e-01,0,,1071,23460
72.2,1.700646120215e-01,0,,1074,23457
72.3,1.697366400591e-01,0,,1071,23460
72.4,1.694137860138e-01,0,,1068,23463
72.5,1.690960539830e-01,0,,1067,23464
72.6,1.687834480653e-01,0,,1067,23464
72.7,1.684759723604e-01,0,,1064,23467
72.8,1.681736309687e-01,0,,1070,23461
72.9,1.678764279913e-01,0,,1068,23463
73.0,1.675843675302e-01,0,,1068,23463
73.1,1.672974536883e-01,0,,1066,23465
73.2,1.670156905690e-01,0,,1064,23467
73.3,1.667390822766e-01,0,,1063,23468
73.4,1.664676329164e-01,0,,1065,23466
73.5,1.662013465941e-01,0,,1064,23467
73.6,1.659402274166e-01,0,,1068,23463
73.7,1.656842794910e-01,0,,1067,23464
73.8,1.654335069256e-01,0,,1074,23457
73.9,1.651879138294e-01,0,,1071,23460
74.0,1.649475043118e-01,0,,1068,23463
74.1,1.647122824833e-01,0,,1066,23465
74.2,1.644822524550e-01,0,,1066,23465
74.3,1.642574183387e-01,0,,1063,23468
74.4,1.640377842470e-01,0,,1063,23468
74.5,1.638233542932e-01,0,,1068,23463
74.6,1.636141325912e-01,0,,1064,23467
74.7,1.634101232557e-01,0,,1064,23467
74.8,1.632113304023e-01,0,,1065,23466
74.9,1.630177581466e-01,0,,1063,23468
75.0,1.628294106056e-01,0,,1065,23466
75.1,1.626462918967e-01,0,,1064,23467
75.2,1.624684061379e-01,0,,1068,23463
75.3,1.622957574484e-01,0,,1067,23464
75.4,1.621283499470e-01,0,,1069,23462
75.5,1.619661877541e-01,0,,1071,23460
75.6,1.618092749903e-01,0,,1069,23462
75.7,1.616576157770e-01,0,,1065,23466
75.8,1.615112142362e-01,0,,1065,23466
75.9,1.613700744906e-01,0,,1064,23467
76.0,1.612342006633e-01,0,,1059,23472
76.1,1.611035968783e-01,0,,1065,23466
76.2,1.609782672601e-01,0,,1065,23466
76.3,1.608582159331e-01,0,,1066,23465
76.4,1.607434470242e-01,0,,1063,23468
76.5,1.606339646593e-01,0,,1063,23468
76.6,1.605297729649e-01,0,,1062,23469
76.7,1.604308760688e-01,0,,1064,23467
76.8,1.603372780987e-01,0,,1063,23468
76.9,1.602489831835e-01,0,,1067,23464
77.0,1.601659954521e-01,0,,1066,23465
77.1,1.600883190344e-01,0,,1072,23459
77.2,1.600159580606e-01,0,,1069,23462
77.3,1.599489166615e-01,0,,1066,23465
77.4,1.598871989685e-01,0,,1064,23467
77.5,1.598308091135e-01,0,,1065,23466
77.6,1.597797512288e-01,0,,1064,23467
77.7,1.597340294475e-01,0,,1064,23467
77.8,1.596936479028e-01,0,,1068,23463
77.9,1.596586107289e-01,0,,1066,23465
78.0,1.596289220601e-01,0,,1066,23465
78.1,1.596045860313e-01,0,,1067,23464
78.2,1.595856067781e-01,0,,1066,23465
78.3,1.595719884362e-01,0,,1066,23465
78.4,1.595637351421e-01,0,,1066,23465
78.5,1.595608510326e-01,0,,1069,23462
78.6,1.595633402451e-01,0,,1068,23463
78.7,1.595712069172e-01,0,,1070,23461
78.8,1.595844551872e-01,0,,1074,23457
78.9,1.596030891938e-01,0,,1070,23461
79.0,1.596271130760e-01,0,,1067,23464
79.1,1.596565309734e-01,0,,1067,23464
79.2,1.596913470258e-01,0,,1066,23465
79.3,1.597315653736e-01,0,,1061,23470
79.4,1.597771901577e-01,0,,1067,23464
79.5,1.598282255190e-01,0,,1067,23464
79.6,1.598846755993e-01,0,,1067,23464
79.7,1.599465445404e-01,0,,1064,23467
79.8,1.600138364845e-01,0,,1064,23467
79.9,1.600865555745e-01,0,,1064,23467
80.0,1.601647059535e-01,0,,1065,23466
80.1,1.602482917647e-01,0,,1064,23467
80.2,1.603373171520e-01,0,,1067,23464
80.3,1.604317862595e-01,0,,1066,23465
80.4,1.605317032308e-01,0,,1071,23460
80.5,1.604215319425e-01,0,,1070,23461
80.6,1.603166765658e-01,0,,1066,23465
80.7,1.602171440772e-01,0,,1064,23467
80.8,1.601229386402e-01,0,,1064,23467
80.9,1.600340644192e-01,0,,1064,23467
81.0,1.599505255791e-01,0,,1062,23469
81.1,1.598723262853e-01,0,,1068,23463
81.2,1.597994707037e-01,0,,1064,23467
81.3,1.597319630009e-01,0,,1064,23467
81.4,1.596698073441e-01,0,,1065,23466
81.5,1.596130079007e-01,0,,1063,23468
81.6,1.595615688390e-01,0,,1065,23466
81.7,1.595154943276e-01,0,,1064,23467
81.8,1.594747885357e-01,0,,1064,23467
81.9,1.594394556330e-01,0,,1066,23465
82.0,1.594094997898e-01,0,,1067,23464
82.1,1.593849251768e-01,0,,1072,23459
82.2,1.593657359651e-01,0,,1068,23463
82.3,1.593519363264e-01,0,,1065,23466
82.4,1.593435304331e-01,0,,1065,23466
82.5,1.593405224576e-01,0,,1064,23467
82.6,1.593429165731e-01,0,,1060,23471
82.7,1.593507169532e-01,0,,1065,23466
82.8,1.593639277719e-01,0,,1066,23465
82.9,1.593825532037e-01,0,,1067,23464
83.0,1.594065974235e-01,0,,1065,23466
83.1,1.594360646067e-01,0,,1064,23467
83.2,1.594709589290e-01,0,,1063,23468
83.3,1.595112845666e-01,0,,1065,23466
83.4,1.595570456963e-01,0,,1065,23466
83.5,1.596082464949e-01,0,,1068,23463
83.6,1.596648911398e-01,0,,1067,23464
83.7,1.597269838090e-01,0,,1073,23458
83.8,1.597945286806e-01,0,,1072,23459
83.9,1.598675299332e-01,0,,1068,23463
84.0,1.599459917457e-01,0,,1064,23467
84.1,1.600299182975e-01,0,,1064,23467
84.2,1.601193137682e-01,0,,1063,23468
84.3,1.602141823370e-01,0,,1061,23470
84.4,1.603145281860e-01,0,,1067,23464
84.5,1.604203554949e-01,0,,1063,23468
84.6,1.605316684449e-01,0,,1066,23465
84.7,1.606484712171e-01,0,,1066,23465
84.8,1.607707679935e-01,0,,1065,23466
84.9,1.608985629558e-01,0,,1065,23466
85.0,1.610318602865e-01,0,,1065,23466
85.1,1.611706641680e-01,0,,1064,23467
85.2,1.613149787832e-01,0,,1067,23464
85.3,1.614648083154e-01,0,,1067,23464
85.4,1.616201569479e-01,0,,1072,23459
85.5,1.617810288643e-01,0,,1068,23463
85.6,1.619474282487e-01,0,,1063,23468
85.7,1.621193592851e-01,0,,1062,23469
85.8,1.622968261582e-01,0,,1061,23470
85.9,1.624798330526e-01,0,,1058,23473
86.0,1.626683841530e-01,0,,1063,23468
86.1,1.628624836446e-01,0,,1064,23467
86.2,1.630621357128e-01,0,,1065,23466
86.3,1.632673445431e-01,0,,1064,23467
86.4,1.634781143211e-01,0,,1064,23467
86.5,1.636944492330e-01,0,,1064,23467
86.6,1.639163534648e-01,0,,1065,23466
86.7,1.641438312028e-01,0,,1064,23467
86.8,1.643768866333e-01,0,,1068,23463
86.9,1.646155239429e-01,0,,1067,23464
87.0,1.648597473188e-01,0,,1072,23459
87.1,1.651095609475e-01,0,,1071,23460
87.2,1.653649690163e-01,0,,1068,23463
87.3,1.656259757121e-01,0,,1063,23468
87.4,1.658925852225e-01,0,,1062,23469
87.5,1.661648017349e-01,0,,1062,23469
87.6,1.664426294367e-01,0,,1060,23471
87.7,1.667260725156e-01,0,,1067,23464
87.8,1.670151351593e-01,0,,1065,23466
87.9,1.673098215556e-01,0,,1068,23463
88.0,1.676101358922e-01,0,,1067,23464
88.1,1.679160823575e-01,0,,1067,23464
88.2,1.682276651383e-01,0,,1067,23464
88.3,1.685448884246e-01,0,,1067,23464
88.4,1.688677564036e-01,0,,1066,23465
88.5,1.691962732630e-01,0,,1069,23462
88.6,1.695304431917e-01,0,,1069,23462
88.7,1.698702703774e-01,0,,1075,23456
88.8,1.702157590082e-01,0,,1072,23459
88.9,1.705669132729e-01,0,,1065,23466
89.0,1.709237373592e-01,0,,1065,23466
89.1,1.712862354557e-01,0,,1064,23467
89.2,1.716544117504e-01,0,,1061,23470
89.3,1.720282704314e-01,0,,1067,23464
89.4,1.724078156868e-01,0,,1068,23463
89.5,1.727930517048e-01,0,,1070,23461
89.6,1.731839826732e-01,0,,1070,23461
89.7,1.735806127798e-01,0,,1071,23460
89.8,1.739829462132e-01,0,,1070,23461
89.9,1.743909871608e-01,0,,1071,23460
90.0,1.748047398102e-01,0,,1071,23460
90.1,1.752242083493e-01,0,,1074,23457
90.2,1.756493969650e-01,0,,1073,23458
90.3,1.760803098456e-01,0,,1077,23454
90.4,1.765169511778e-01,0,,1077,23454
90.5,1.769593251490e-01,0,,1074,23457
90.6,1.774074359462e-01,0,,1069,23462
90.7,1.778612877565e-01,0,,1068,23463
90.8,1.781635418785e-01,0,,1068,23463
90.9,1.781578959036e-01,0,,1068,23463
91.0,1.781576366590e-01,0,,1074,23457
91.1,1.781627682989e-01,0,,1072,23459
91.2,1.781732949780e-01,0,,1076,23455
91.3,1.781892208516e-01,0,,1074,23457
91.4,1.782105500754e-01,0,,1072,23459
91.5,1.782372868053e-01,0,,1072,23459
91.6,1.782694351979e-01,0,,1072,23459
91.7,1.783069994099e-01,0,,1071,23460
91.8,1.783326025388e-01,0,,1075,23456
91.9,1.782918777898e-01,0,,1073,23458
92.0,1.782565125529e-01,0,,1081,23450
92.1,1.782265109794e-01,0,,1077,23454
92.2,1.782018772208e-01,0,,1071,23460
92.3,1.781826154291e-01,0,,1070,23461
92.4,1.781687297570e-01,0,,1068,23463
92.5,1.781602243574e-01,0,,1067,23464
92.6,1.781571033838e-01,0,,1071,23460
92.7,1.781593709901e-01,0,,1073,23458
92.8,1.781670313306e-01,0,,1073,23458
92.9,1.781800885601e-01,0,,1074,23457
93.0,1.781985468337e-01,0,,1074,23457
93.1,1.782224103072e-01,0,,1073,23458
93.2,1.782516831365e-01,0,,1073,23458
93.3,1.782863694782e-01,0,,1073,23458
93.4,1.782038450679e-01,0,,1076,23455
93.5,1.777138956580e-01,0,,1075,23456
93.6,1.772294571386e-01,0,,1077,23454
93.7,1.767505342998e-01,0,,1078,23453
93.8,1.762771319322e-01,0,,1076,23455
93.9,1.758092548276e-01,0,,1072,23459
94.0,1.753469077787e-01,0,,1070,23461
94.1,1.748900955798e-01,0,,1068,23463
94.2,1.744388230266e-01,0,,1069,23462
94.3,1.739930949155e-01,0,,1076,23455
94.4,1.735529160443e-01,0,,1072,23459
94.5,1.731182912119e-01,0,,1078,23453
94.6,1.726892252189e-01,0,,1077,23454
94.7,1.722657228656e-01,0,,1075,23456
94.8,1.718477889549e-01,0,,1074,23457
94.9,1.714354282903e-01,0,,1074,23457
95.0,1.710286456764e-01,0,,1073,23458
95.1,1.706274459196e-01,0,,1077,23454
95.2,1.702318338258e-01,0,,1075,23456
95.3,1.698418142036e-01,0,,1082,23449
95.4,1.694573918622e-01,0,,1079,23452
95.5,1.690785716118e-01,0,,1075,23456
95.6,1.687053582636e-01,0,,1073,23458
95.7,1.683377566300e-01,0,,1072,23459
95.8,1.679757715239e-01,0,,1070,23461
95.9,1.676194077611e-01,0,,1072,23459
96.0,1.672686701567e-01,0,,1075,23456
96.1,1.669235635274e-01,0,,1075,23456
96.2,1.665840926908e-01,0,,1076,23455
96.3,1.662502624661e-01,0,,1079,23452
96.4,1.659220776726e-01,0,,1076,23455
96.5,1.655995431313e-01,0,,1076,23455
96.6,1.652826636641e-01,0,,1075,23456
96.7,1.649714440940e-01,0,,1079,23452
96.8,1.646658892451e-01,0,,1077,23454
96.9,1.643660039417e-01,0,,1078,23453
97.0,1.640717930100e-01,0,,1079,23452
97.1,1.637832612771e-01,0,,1077,23454
97.2,1.635004135707e-01,0,,1073,23458
97.3,1.632232547193e-01,0,,1071,23460
97.4,1.629517895529e-01,0,,1069,23462
97.5,1.626860229023e-01,0,,1068,23463
97.6,1.624259595991e-01,0,,1076,23455
97.7,1.621716044760e-01,0,,1073,23458
97.8,1.619229623666e-01,0,,1077,23454
97.9,1.616800381054e-01,0,,1076,23455
98.0,1.614428365276e-01,0,,1074,23457
98.1,1.612113624696e-01,0,,1072,23459
98.2,1.609856207687e-01,0,,1073,23458
98.3,1.607656162629e-01,0,,1072,23459
98.4,1.605513537915e-01,0,,1076,23455
98.5,1.603428381938e-01,0,,1075,23456
98.6,1.601400743109e-01,0,,1081,23450
98.7,1.599430669845e-01,0,,1079,23452
98.8,1.597518210567e-01,0,,1074,23457
98.9,1.595663413713e-01,0,,1072,23459
99.0,1.593866327720e-01,0,,1071,23460
99.1,1.592127001040e-01,0,,1071,23460
99.2,1.590445482130e-01,0,,1072,23459
99.3,1.588821819457e-01,0,,1076,23455
99.4,1.587256061495e-01,0,,1075,23456
99.5,1.585748256721e-01,0,,1076,23455
99.6,1.584298453637e-01,0,,1079,23452
99.7,1.582906700734e-01,0,,1076,23455
99.8,1.581573046519e-01,0,,1076,23455
99.9,1.580297539504e-01,0,,1075,23456
100.0,1.579080228210e-01,0,,1079,23452
100.1,1.577921161168e-01,0,,1077,23454
100.2,1.576820386911e-01,0,,1078,23453
100.3,1.575777953985e-01,0,,1082,23449
100.4,1.574793910939e-01,0,,1079,23452
100.5,1.573868306332e-01,0,,1075,23456
100.6,1.573001188728e-01,0,,1075,23456
100.7,1.572192606699e-01,0,,1072,23459
100.8,1.571442608824e-01,0,,1069,23462
100.9,1.570751243689e-01,0,,1076,23455
101.0,1.570118559885e-01,0,,1076,23455
101.1,1.569544606014e-01,0,,1079,23452
101.2,1.569029430679e-01,0,,1078,23453
101.3,1.568573082494e-01,0,,1080,23451
101.4,1.568175610077e-01,0,,1076,23455
101.5,1.567837062053e-01,0,,1078,23453
101.6,1.567557487053e-01,0,,1077,23454
101.7,1.567336933714e-01,0,,1081,23450
101.8,1.567175450682e-01,0,,1080,23451
101.9,1.567073086603e-01,0,,1085,23446
102.0,1.567029890135e-01,0,,1083,23448
102.1,1.567045909938e-01,0,,1079,23452
102.2,1.567121194680e-01,0,,1077,23454
102.3,1.567255793032e-01,0,,1076,23455
102.4,1.567449753674e-01,0,,1077,23454
102.5,1.567703125288e-01,0,,1076,23455
102.6,1.568015956564e-01,0,,1078,23453
102.7,1.568388296196e-01,0,,1077,23454
102.8,1.568820192884e-01,0,,1079,23452
102.9,1.569311695330e-01,0,,1082,23449
103.0,1.569862852247e-01,0,,1080,23451
103.1,1.570473712341e-01,0,,1079,23452
103.2,1.571144324345e-01,0,,1078,23453
103.3,1.571874736977e-01,0,,1081,23450
103.4,1.572664998965e-01,0,,1081,23450
103.5,1.573515159042e-01,0,,1080,23451
103.6,1.574425265946e-01,0,,1086,23445
103.7,1.575395368418e-01,0,,1083,23448
103.8,1.576425515206e-01,0,,1078,23453
103.9,1.577370882789e-01,0,,1078,23453
104.0,1.576177341882e-01,0,,1075,23456
104.1,1.575042388593e-01,0,,1072,23459
104.2,1.573966071893e-01,0,,1079,23452
104.3,1.572948440758e-01,0,,1078,23453
104.4,1.571989544174e-01,0,,1081,23450
104.5,1.571089431133e-01,0,,1079,23452
104.6,1.570248150635e-01,0,,1081,23450
104.7,1.569465751685e-01,0,,1078,23453
104.8,1.568742283297e-01,0,,1079,23452
104.9,1.568077794491e-01,0,,1078,23453
105.0,1.567472334295e-01,0,,1082,23449
105.1,1.566925951742e-01,0,,1081,23450
105.2,1.566438695872e-01,0,,1086,23445
105.3,1.566010615733e-01,0,,1086,23445
105.4,1.565641760379e-01,0,,1080,23451
105.5,1.565332178869e-01,0,,1077,23454
105.6,1.565081920268e-01,0,,1077,23454
105.7,1.564891033651e-01,0,,1078,23453
105.8,1.564759568094e-01,0,,1077,23454
105.9,1.564687572683e-01,0,,1080,23451
106.0,1.564675096508e-01,0,,1077,23454
106.1,1.564722188665e-01,0,,1079,23452
106.2,1.564828898257e-01,0,,1083,23448
106.3,1.564995274392e-01,0,,1082,23449
106.4,1.565221366182e-01,0,,1082,23449
106.5,1.565507222746e-01,0,,1080,23451
106.6,1.565852893209e-01,0,,1081,23450
106.7,1.566258426693e-01,0,,1082,23449
106.8,1.566723872347e-01,0,,1082,23449
106.9,1.567249279304e-01,0,,1088,23443
107.0,1.567834696708e-01,0,,1084,23447
107.1,1.568480173709e-01,0,,1081,23450
107.2,1.569185759462e-01,0,,1080,23451
107.3,1.569951503127e-01,0,,1077,23454
107.4,1.570777453868e-01,0,,1074,23457
107.5,1.571663660854e-01,0,,1080,23451
107.6,1.572610173258e-01,0,,1079,23452
107.7,1.573617040256e-01,0,,1082,23449
107.8,1.574684311033e-01,0,,1080,23451
107.9,1.575812034771e-01,0,,1082,23449
108.0,1.577000260665e-01,0,,1079,23452
108.1,1.578249037906e-01,0,,1081,23450
108.2,1.579558415693e-01,0,,1080,23451
108.3,1.580928443228e-01,0,,1084,23447
108.4,1.582359169715e-01,0,,1083,23448
108.5,1.583850644366e-01,0,,1087,23444
108.6,1.585402916392e-01,0,,1087,23444
108.7,1.587016035009e-01,0,,1081,23450
108.8,1.588690049438e-01,0,,1079,23452
108.9,1.590425008902e-01,0,,1078,23453
109.0,1.592220962626e-01,0,,1077,23454
109.1,1.594077959839e-01,0,,1074,23457
109.2,1.595996049774e-01,0,,1078,23453
109.3,1.597975281665e-01,0,,1076,23455
109.4,1.600015704749e-01,0,,1079,23452
109.5,1.602117368266e-01,0,,1082,23449
109.6,1.604280321460e-01,0,,1081,23450
109.7,1.606504613576e-01,0,,1081,23450
109.8,1.608790293861e-01,0,,1080,23451
109.9,1.611137411565e-01,0,,1080,23451
110.0,1.613546015938e-01,0,,1083,23448
110.1,1.616016156235e-01,0,,1083,23448
110.2,1.618547881706e-01,0,,1089,23442
110.3,1.621141241620e-01,0,,1085,23446
110.4,1.623796285233e-01,0,,1081,23450
110.5,1.626513061806e-01,0,,1080,23451
110.6,1.629291620600e-01,0,,1077,23454
110.7,1.632132010879e-01,0,,1074,23457
110.8,1.635034281908e-01,0,,1078,23453
110.9,1.637998482954e-01,0,,1078,23453
111.0,1.641024663284e-01,0,,1081,23450
111.1,1.644112872169e-01,0,,1079,23452
111.2,1.647263158874e-01,0,,1081,23450
111.3,1.650475572674e-01,0,,1079,23452
111.4,1.653750162839e-01,0,,1082,23449
111.5,1.657086978640e-01,0,,1081,23450
111.6,1.660486069349e-01,0,,1085,23446
111.7,1.663947484235e-01,0,,1084,23447
111.8,1.667471272577e-01,0,,1088,23443
111.9,1.671057483646e-01,0,,1088,23443
112.0,1.674706166711e-01,0,,1086,23445
112.1,1.678417371047e-01,0,,1081,23450
112.2,1.682191145933e-01,0,,1080,23451
112.3,1.686027540635e-01,0,,1079,23452
112.4,1.689926604426e-01,0,,1075,23456
112.5,1.693888386579e-01,0,,1080,23451
112.6,1.697912936363e-01,0,,1078,23453
112.7,1.702000303049e-01,0,,1082,23449
112.8,1.706150535905e-01,0,,1085,23446
112.9,1.710363684203e-01,0,,1086,23445
113.0,1.714639797208e-01,0,,1087,23444
113.1,1.718978924187e-01,0,,1085,23446
113.2,1.723381114406e-01,0,,1084,23447
113.3,1.727846417123e-01,0,,1087,23444
113.4,1.732374881606e-01,0,,1086,23445
113.5,1.736966557115e-01,0,,1093,23438
113.6,1.741621492904e-01,0,,1091,23440
113.7,1.746339738225e-01,0,,1084,23447
113.8,1.751121342351e-01,0,,1083,23448
113.9,1.755966354528e-01,0,,1081,23450
114.0,1.759019724879e-01,0,,1078,23453
114.1,1.758798201712e-01,0,,1081,23450
114.2,1.758635917615e-01,0,,1081,23450
114.3,1.758532921432e-01,0,,1082,23449
114.4,1.758489262009e-01,0,,1082,23449
114.5,1.758504988202e-01,0,,1084,23447
114.6,1.758580148869e-01,0,,1084,23447
114.7,1.758714792876e-01,0,,1084,23447
114.8,1.758908969093e-01,0,,1084,23447
114.9,1.759162726397e-01,0,,1087,23444
115.0,1.759476113664e-01,0,,1086,23445
115.1,1.759849179786e-01,0,,1089,23442
115.2,1.760281973652e-01,0,,1090,23441
115.3,1.760276178434e-01,0,,1089,23442
115.4,1.759845736510e-01,0,,1083,23448
115.5,1.759474359894e-01,0,,1083,23448
115.6,1.759162097405e-01,0,,1081,23450
115.7,1.758908997869e-01,0,,1078,23453
115.8,1.758715110116e-01,0,,1082,23449
115.9,1.758580482982e-01,0,,1080,23451
116.0,1.758505165312e-01,0,,1085,23446
116.1,1.758489205953e-01,0,,1085,23446
116.2,1.758532653759e-01,0,,1086,23445
116.3,1.758635557589e-01,0,,1087,23444
116.4,1.758797966308e-01,0,,1085,23446
116.5,1.754347018858e-01,0,,1084,23447
116.6,1.749166266648e-01,0,,1088,23443
116.7,1.744046351887e-01,0,,1086,23445
116.8,1.738987331187e-01,0,,1092,23439
116.9,1.733989261181e-01,0,,1091,23440
117.0,1.729052198513e-01,0,,1085,23446
117.1,1.724176199830e-01,0,,1084,23447
117.2,1.719361321821e-01,0,,1083,23448
117.3,1.714607621173e-01,0,,1079,23452
117.4,1.709915154588e-01,0,,1082,23449
117.5,1.705283978788e-01,0,,1081,23450
117.6,1.700714150507e-01,0,,1081,23450
117.7,1.696205726495e-01,0,,1082,23449
117.8,1.691758763519e-01,0,,1085,23446
117.9,1.687373318356e-01,0,,1086,23445
118.0,1.683049447798e-01,0,,1085,23446
118.1,1.678787208653e-01,0,,1085,23446
118.2,1.674586657747e-01,0,,1088,23443
118.3,1.670447851917e-01,0,,1087,23444
118.4,1.666370848009e-01,0,,1088,23443
118.5,1.662355702891e-01,0,,1092,23439
118.6,1.658402473445e-01,0,,1090,23441
118.7,1.654511216560e-01,0,,1086,23445
118.8,1.650681989141e-01,0,,1084,23447
118.9,1.646914848111e-01,0,,1080,23451
119.0,1.643209850404e-01,0,,1080,23451
119.1,1.639567052968e-01,0,,1083,23448
119.2,1.635986512763e-01,0,,1079,23452
119.3,1.632468286764e-01,0,,1085,23446
119.4,1.629012431961e-01,0,,1085,23446
119.5,1.625619005349e-01,0,,1085,23446
119.6,1.622288063947e-01,0,,1088,23443
119.7,1.619019664777e-01,0,,1086,23445
119.8,1.615813864881e-01,0,,1085,23446
119.9,1.612670721313e-01,0,,1089,23442
120.0,1.609590291135e-01,0,,1086,23445
120.1,1.606572631424e-01,0,,1092,23439
120.2,1.603617799272e-01,0,,1091,23440
120.3,1.600725851782e-01,0,,1086,23445
120.4,1.597896846063e-01,0,,1083,23448
120.5,1.595130839239e-01,0,,1083,23448
120.6,1.592427888462e-01,0,,1080,23451
120.7,1.589788050874e-01,0,,1080,23451
120.8,1.587211383637e-01,0,,1080,23451
120.9,1.584697943926e-01,0,,1080,23451
121.0,1.582247788926e-01,0,,1081,23450
121.1,1.579860975835e-01,0,,1086,23445
121.2,1.577537561863e-01,0,,1084,23447
121.3,1.575277604227e-01,0,,1086,23445
121.4,1.573081160159e-01,0,,1085,23446
121.5,1.570948286902e-01,0,,1088,23443
121.6,1.568879041710e-01,0,,1087,23444
121.7,1.566873481845e-01,0,,1088,23443
121.8,1.564931664582e-01,0,,1091,23440
121.9,1.563053647210e-01,0,,1089,23442
122.0,1.561239487021e-01,0,,1085,23446
122.1,1.559489241322e-01,0,,1083,23448
122.2,1.557802967431e-01,0,,1080,23451
122.3,1.556180722676e-01,0,,1078,23453
122.4,1.554622564393e-01,0,,1082,23449
122.5,1.553128549930e-01,0,,1078,23453
122.6,1.551698736645e-01,0,,1083,23448
122.7,1.550333181903e-01,0,,1085,23446
122.8,1.549031943083e-01,0,,1085,23446
122.9,1.547795077571e-01,0,,1085,23446
123.0,1.546622642763e-01,0,,1085,23446
123.1,1.545514696063e-01,0,,1085,23446
123.2,1.544471294887e-01,0,,1089,23442
123.3,1.543492496659e-01,0,,1088,23443
123.4,1.542578358810e-01,0,,1093,23438
123.5,1.541728938783e-01,0,,1092,23439
123.6,1.540944294028e-01,0,,1087,23444
123.7,1.540224482004e-01,0,,1083,23448
123.8,1.539569560172e-01,0,,1083,23448
123.9,1.538979586023e-01,0,,1082,23449
124.0,1.538454617033e-01,0,,1081,23450
124.1,1.537994710696e-01,0,,1085,23446
124.2,1.537599924511e-01,0,,1085,23446
124.3,1.537270315989e-01,0,,1086,23445
124.4,1.537005942646e-01,0,,1091,23440
124.5,1.536806862008e-01,0,,1089,23442
124.6,1.536673131605e-01,0,,1092,23439
124.7,1.536604808979e-01,0,,1090,23441
124.8,1.536601951676e-01,0,,1092,23439
124.9,1.536664617250e-01,0,,1091,23440
125.0,1.536792863265e-01,0,,1091,23440
125.1,1.536986747287e-01,0,,1096,23435
125.2,1.537246326894e-01,0,,1093,23438
125.3,1.537571659667e-01,0,,1088,23443
125.4,1.537962803197e-01,0,,1087,23444
125.5,1.538419815078e-01,0,,1084,23447
125.6,1.538942752914e-01,0,,1081,23450
125.7,1.539531674312e-01,0,,1084,23447
125.8,1.540186636888e-01,0,,1084,23447
125.9,1.540907698263e-01,0,,1087,23444
126.0,1.541694916063e-01,0,,1087,23444
126.1,1.542548347922e-01,0,,1088,23443
126.2,1.543468051477e-01,0,,1087,23444
126.3,1.544454084374e-01,0,,1089,23442
126.4,1.545506504261e-01,0,,1087,23444
126.5,1.546625368794e-01,0,,1091,23440
126.6,1.547805457852e-01,0,,1090,23441
126.7,1.546500796232e-01,0,,1094,23437
126.8,1.545260872377e-01,0,,1093,23438
126.9,1.544085744207e-01,0,,1089,23442
127.0,1.542975469647e-01,0,,1085,23446
127.1,1.541930106628e-01,0,,1085,23446
127.2,1.540949713112e-01,0,,1085,23446
127.3,1.540034347047e-01,0,,1083,23448
127.4,1.539184066397e-01,0,,1082,23449
127.5,1.538398929137e-01,0,,1083,23448
127.6,1.537678993249e-01,0,,1085,23446
127.7,1.537024316725e-01,0,,1090,23441
127.8,1.536434957565e-01,0,,1089,23442
127.9,1.535910973777e-01,0,,1092,23439
128.0,1.535452423378e-01,0,,1090,23441
128.1,1.535059364393e-01,0,,1090,23441
128.2,1.534731854855e-01,0,,1090,23441
128.3,1.534469952805e-01,0,,1088,23443
128.4,1.534273716293e-01,0,,1095,23436
128.5,1.534143203374e-01,0,,1092,23439
128.6,1.534078472114e-01,0,,1087,23444
128.7,1.534079580584e-01,0,,1086,23445
128.8,1.534146586864e-01,0,,1083,23448
128.9,1.534279549040e-01,0,,1080,23451
129.0,1.534478525206e-01,0,,1085,23446
129.1,1.534743573462e-01,0,,1085,23446
129.2,1.535074751918e-01,0,,1088,23443
129.3,1.535472118686e-01,0,,1087,23444
129.4,1.535935731889e-01,0,,1089,23442
129.5,1.536465649653e-01,0,,1090,23441
129.6,1.537061930114e-01,0,,1091,23440
129.7,1.537724631411e-01,0,,1090,23441
129.8,1.538453811691e-01,0,,1093,23438
129.9,1.539249529109e-01,0,,1091,23440
130.0,1.540111841820e-01,0,,1095,23436
130.1,1.541040807991e-01,0,,1096,23435
130.2,1.542036485789e-01,0,,1090,23441
130.3,1.543098933385e-01,0,,1086,23445
130.4,1.544228208974e-01,0,,1086,23445
130.5,1.545424370735e-01,0,,1086,23445
130.6,1.546687476859e-01,0,,1084,23447
130.7,1.548017585543e-01,0,,1086,23445
130.8,1.549414754987e-01,0,,1085,23446
130.9,1.550879043399e-01,0,,1087,23444
131.0,1.552410508989e-01,0,,1092,23439
131.1,1.554009209972e-01,0,,1091,23440
131.2,1.555675204569e-01,0,,1094,23437
131.3,1.557408551004e-01,0,,1091,23440
131.4,1.559209307502e-01,0,,1091,23440
131.5,1.561077532299e-01,0,,1090,23441
131.6,1.563013283629e-01,0,,1088,23443
131.7,1.565016619732e-01,0,,1095,23436
131.8,1.567087598849e-01,0,,1093,23438
131.9,1.569226279230e-01,0,,1088,23443
132.0,1.571432719124e-01,0,,1089,23442
132.1,1.573706976784e-01,0,,1086,23445
132.2,1.576049110465e-01,0,,1083,23448
132.3,1.578459178429e-01,0,,1088,23443
132.4,1.580937238936e-01,0,,1088,23443
132.5,1.583483350251e-01,0,,1091,23440
132.6,1.586097570640e-01,0,,1090,23441
132.7,1.588779958373e-01,0,,1092,23439
132.8,1.591530571721e-01,0,,1092,23439
132.9,1.594349468960e-01,0,,1094,23437
133.0,1.597236708363e-01,0,,1092,23439
133.1,1.600192348208e-01,0,,1095,23436
133.2,1.603216446775e-01,0,,1093,23438
133.3,1.606309062344e-01,0,,1096,23435
133.4,1.609470253190e-01,0,,1098,23433
133.5,1.612700077608e-01,0,,1093,23438
133.6,1.615998593878e-01,0,,1091,23440
133.7,1.619365860288e-01,0,,1090,23441
133.8,1.622801935115e-01,0,,1089,23442
133.9,1.626306876656e-01,0,,1086,23445
134.0,1.629880743193e-01,0,,1090,23441
134.1,1.633523593014e-01,0,,1089,23442
134.2,1.637235484408e-01,0,,1091,23440
134.3,1.641016475661e-01,0,,1096,23435
134.4,1.644866625061e-01,0,,1095,23436
134.5,1.648785990898e-01,0,,1098,23433
134.6,1.652774631459e-01,0,,1096,23435
134.7,1.656832605027e-01,0,,1094,23437
134.8,1.660959969892e-01,0,,1095,23436
134.9,1.665156784337e-01,0,,1095,23436
135.0,1.669423106650e-01,0,,1100,23431
135.1,1.673758995107e-01,0,,1097,23434
135.2,1.678164507997e-01,0,,1096,23435
135.3,1.682639703601e-01,0,,1096,23435
135.4,1.687184640192e-01,0,,1093,23438
135.5,1.691799376052e-01,0,,1089,23442
135.6,1.696483969457e-01,0,,1094,23437
135.7,1.701238478679e-01,0,,1093,23438
135.8,1.706062961989e-01,0,,1095,23436
135.9,1.710957477656e-01,0,,1095,23436
136.0,1.715922083947e-01,0,,1098,23433
136.1,1.720956839123e-01,0,,1099,23432
136.2,1.726061801451e-01,0,,1100,23431
136.3,1.731237029185e-01,0,,1099,23432
136.4,1.735502507710e-01,0,,1101,23430
136.5,1.735073762290e-01,0,,1099,23432
136.6,1.734710349458e-01,0,,1102,23429
136.7,1.734412326951e-01,0,,1101,23430
136.8,1.734179752509e-01,0,,1101,23430
136.9,1.734012683882e-01,0,,1098,23433
137.0,1.733911178828e-01,0,,1097,23434
137.1,1.733875295111e-01,0,,1095,23436
137.2,1.733905090502e-01,0,,1091,23440
137.3,1.734000622781e-01,0,,1095,23436
137.4,1.734161949731e-01,0,,1093,23438
137.5,1.734389129145e-01,0,,1096,23435
137.6,1.734682218823e-01,0,,1099,23432
137.7,1.735041276568e-01,0,,1100,23431
137.8,1.735466360193e-01,0,,1104,23427
137.9,1.735957527516e-01,0,,1101,23430
138.0,1.735759151546e-01,0,,1099,23432
138.1,1.735295421779e-01,0,,1101,23430
138.2,1.734896992087e-01,0,,1099,23432
138.3,1.734563920198e-01,0,,1105,23426
138.4,1.734296263847e-01,0,,1104,23427
138.5,1.734094080774e-01,0,,1099,23432
138.6,1.733957428730e-01,0,,1099,23432
138.7,1.730775094603e-01,0,,1097,23434
138.8,1.725213415237e-01,0,,1093,23438
138.9,1.719719054243e-01,0,,1096,23435
139.0,1.714292078913e-01,0,,1095,23436
139.1,1.708932556557e-01,0,,1096,23435
139.2,1.703640554505e-01,0,,1097,23434
139.3,1.698416140109e-01,0,,1099,23432
139.4,1.693259380736e-01,0,,1100,23431
139.5,1.688170343773e-01,0,,1102,23429
139.6,1.683149096626e-01,0,,1102,23429
139.7,1.678195706736e-01,0,,1103,23428
139.8,1.673310241544e-01,0,,1101,23430
139.9,1.668492768512e-01,0,,1103,23428
140.0,1.663743355130e-01,0,,1104,23427
140.1,1.659062068905e-01,0,,1104,23427
140.2,1.654448977356e-01,0,,1101,23430
140.3,1.649904148027e-01,0,,1100,23431
140.4,1.645427648485e-01,0,,1097,23434
140.5,1.641019546300e-01,0,,1094,23437
140.6,1.636679909075e-01,0,,1096,23435
140.7,1.632408804424e-01,0,,1095,23436
140.8,1.628206299983e-01,0,,1099,23432
140.9,1.624072463404e-01,0,,1100,23431
141.0,1.620007362357e-01,0,,1100,23431
141.1,1.616011064530e-01,0,,1105,23426
141.2,1.612083637625e-01,0,,1103,23428
141.3,1.608225149368e-01,0,,1101,23430
141.4,1.604435667496e-01,0,,1104,23427
141.5,1.600715259769e-01,0,,1101,23430
141.6,1.597063993959e-01,0,,1107,23424
141.7,1.593481937858e-01,0,,1106,23425
141.8,1.589969159274e-01,0,,1101,23430
141.9,1.586525726030e-01,0,,1101,23430
142.0,1.583151705967e-01,0,,1100,23431
142.1,1.579847166948e-01,0,,1095,23436
142.2,1.576612176838e-01,0,,1094,23437
142.3,1.573446803531e-01,0,,1094,23437
142.4,1.570351114932e-01,0,,1094,23437
142.5,1.567325178963e-01,0,,1096,23435
142.6,1.564369063556e-01,0,,1099,23432
142.7,1.561482836675e-01,0,,1098,23433
142.8,1.558666566280e-01,0,,1102,23429
142.9,1.555920320357e-01,0,,1102,23429
143.0,1.553244166903e-01,0,,1103,23428
143.1,1.550638173933e-01,0,,1101,23430
143.2,1.548102409473e-01,0,,1100,23431
143.3,1.545636941567e-01,0,,1103,23428
143.4,1.543241838275e-01,0,,1103,23428
143.5,1.540917167667e-01,0,,1100,23431
143.6,1.538662997829e-01,0,,1099,23432
143.7,1.536479396865e-01,0,,1096,23435
143.8,1.534366432886e-01,0,,1093,23438
143.9,1.532324174021e-01,0,,1095,23436
144.0,1.530352688413e-01,0,,1092,23439
144.1,1.528452044218e-01,0,,1097,23434
144.2,1.526622309605e-01,0,,1097,23434
144.3,1.524863552757e-01,0,,1098,23433
144.4,1.523175841868e-01,0,,1102,23429
144.5,1.521559245148e-01,0,,1100,23431
144.6,1.520013830817e-01,0,,1099,23432
144.7,1.518539667111e-01,0,,1102,23429
144.8,1.517136822275e-01,0,,1099,23432
144.9,1.515805364569e-01,0,,1105,23426
145.0,1.514545362262e-01,0,,1104,23427
145.1,1.513356883643e-01,0,,1102,23429
145.2,1.512239997001e-01,0,,1098,23433
145.3,1.511194770645e-01,0,,1099,23432
145.4,1.510221272896e-01,0,,1096,23435
145.5,1.509319572081e-01,0,,1093,23438
145.6,1.508489736536e-01,0,,1094,23437
145.7,1.507731834627e-01,0,,1094,23437
145.8,1.507045934711e-01,0,,1096,23435
145.9,1.506432105163e-01,0,,1100,23431
146.0,1.505890414366e-01,0,,1099,23432
146.1,1.505420930717e-01,0,,1103,23428
146.2,1.505023722623e-01,0,,1104,23427
146.3,1.504698858499e-01,0,,1105,23426
146.4,1.504446406772e-01,0,,1102,23429
146.5,1.504266435878e-01,0,,1101,23430
146.6,1.504159014264e-01,0,,1106,23425
146.7,1.504124210384e-01,0,,1104,23427
146.8,1.504162092705e-01,0,,1100,23431
146.9,1.504272729699e-01,0,,1099,23432
147.0,1.504456189851e-01,0,,1097,23434
147.1,1.504712541653e-01,0,,1093,23438
147.2,1.505041853605e-01,0,,1096,23435
147.3,1.505444194218e-01,0,,1095,23436
147.4,1.505919632010e-01,0,,1097,23434
147.5,1.506468235506e-01,0,,1099,23432
147.6,1.507090073242e-01,0,,1098,23433
147.7,1.507785213759e-01,0,,1099,23432
147.8,1.508553725608e-01,0,,1102,23429
147.9,1.509395677347e-01,0,,1100,23431
148.0,1.510311137541e-01,0,,1103,23428
148.1,1.511300174762e-01,0,,1101,23430
148.2,1.512362857591e-01,0,,1104,23427
148.3,1.513499254613e-01,0,,1104,23427
148.4,1.514709434422e-01,0,,1100,23431
148.5,1.515993465610e-01,0,,1098,23433
148.6,1.515055089479e-01,0,,1098,23433
148.7,1.513687266435e-01,0,,1096,23435
148.8,1.512391283369e-01,0,,1093,23438
148.9,1.511167209198e-01,0,,1095,23436
149.0,1.510015112850e-01,0,,1094,23437
149.1,1.508935063266e-01,0,,1096,23435
149.2,1.507927129398e-01,0,,1100,23431
149.3,1.506991380209e-01,0,,1099,23432
149.4,1.506127884674e-01,0,,1102,23429
149.5,1.505336711781e-01,0,,1102,23429
149.6,1.504617930527e-01,0,,1103,23428
149.7,1.503971609920e-01,0,,1102,23429
149.8,1.503397818982e-01,0,,1100,23431
149.9,1.502896626741e-01,0,,1104,23427
150.0,1.502468102241e-01,0,,1103,23428
150.1,1.502112314531e-01,0,,1098,23433
150.2,1.501829332674e-01,0,,1097,23434
150.3,1.501619225742e-01,0,,1095,23436
150.4,1.501482062818e-01,0,,1090,23441
150.5,1.501417912992e-01,0,,1094,23437
150.6,1.501426845366e-01,0,,1093,23438
150.7,1.501508929051e-01,0,,1095,23436
150.8,1.501664233167e-01,0,,1096,23435
150.9,1.501892826844e-01,0,,1098,23433
151.0,1.502194779220e-01,0,,1100,23431
151.1,1.502570159441e-01,0,,1102,23429
151.2,1.503019036664e-01,0,,1100,23431
151.3,1.503541480052e-01,0,,1103,23428
151.4,1.504137558770e-01,0,,1101,23430
151.5,1.504807342015e-01,0,,1106,23425
151.6,1.505550898966e-01,0,,1105,23426
151.7,1.506368298820e-01,0,,1101,23430
151.8,1.507259610780e-01,0,,1098,23433
151.9,1.508224904058e-01,0,,1096,23435
152.0,1.509264247871e-01,0,,1096,23435
152.1,1.510377711448e-01,0,,1092,23439
152.2,1.511565364020e-01,0,,1094,23437
152.3,1.512827274826e-01,0,,1093,23438
152.4,1.514163513112e-01,0,,1096,23435
152.5,1.515574148130e-01,0,,1101,23430
152.6,1.517059249138e-01,0,,1100,23431
152.7,1.518618885402e-01,0,,1104,23427
152.8,1.520253126192e-01,0,,1103,23428
152.9,1.521962040782e-01,0,,1103,23428
153.0,1.523745698455e-01,0,,1101,23430
153.1,1.525604168499e-01,0,,1099,23432
153.2,1.527537520205e-01,0,,1105,23426
153.3,1.529545822869e-01,0,,1103,23428
153.4,1.531629145793e-01,0,,1099,23432
153.5,1.533787558285e-01,0,,1096,23435
153.6,1.536021129654e-01,0,,1095,23436
153.7,1.538329929215e-01,0,,1091,23440
153.8,1.540714026289e-01,0,,1095,23436
153.9,1.543173490198e-01,0,,1095,23436
154.0,1.545708390267e-01,0,,1097,23434
154.1,1.548318795828e-01,0,,1098,23433
154.2,1.551004776211e-01,0,,1101,23430
154.3,1.553766400746e-01,0,,1101,23430
154.4,1.556603738791e-01,0,,1104,23427
154.5,1.559516859677e-01,0,,1102,23429
154.6,1.562505832745e-01,0,,1105,23426
154.7,1.565570727349e-01,0,,1103,23428
154.8,1.568711612834e-01,0,,1106,23425
154.9,1.571928558551e-01,0,,1107,23424
155.0,1.575221633854e-01,0,,1102,23429
155.1,1.578590908096e-01,0,,1100,23431
155.2,1.582036450635e-01,0,,1097,23434
155.3,1.585558330822e-01,0,,1097,23434
155.4,1.589156618024e-01,0,,1094,23437
155.5,1.592831381593e-01,0,,1096,23435
155.6,1.596582690891e-01,0,,1095,23436
155.7,1.600410615277e-01,0,,1099,23432
155.8,1.604315224109e-01,0,,1103,23428
155.9,1.608296586745e-01,0,,1102,23429
156.0,1.612354772551e-01,0,,1107,23424
156.1,1.616489850883e-01,0,,1106,23425
156.2,1.620701891096e-01,0,,1105,23426
156.3,1.624990962552e-01,0,,1105,23426
156.4,1.629357134608e-01,0,,1105,23426
156.5,1.633800476618e-01,0,,1109,23422
156.6,1.638321057935e-01,0,,1106,23425
156.7,1.642918947911e-01,0,,1104,23427
156.8,1.647594215902e-01,0,,1103,23428
156.9,1.652346931249e-01,0,,1101,23430
157.0,1.657177163302e-01,0,,1098,23433
157.1,1.662084981398e-01,0,,1102,23429
157.2,1.667070454893e-01,0,,1101,23430
157.3,1.672133653117e-01,0,,1102,23429
157.4,1.677274645403e-01,0,,1104,23427
157.5,1.682493501082e-01,0,,1107,23424
157.6,1.687790289485e-01,0,,1107,23424
157.7,1.693165079938e-01,0,,1110,23421
157.8,1.698617941760e-01,0,,1109,23422
157.9,1.704148944261e-01,0,,1111,23420
158.0,1.709146899004e-01,0,,1109,23422
158.1,1.709662958646e-01,0,,1111,23420
158.2,1.709893064269e-01,0,,1111,23420
158.3,1.709349648734e-01,0,,1109,23422
158.4,1.708878640159e-01,0,,1106,23425
158.5,1.708480107204e-01,0,,1102,23429
158.6,1.708154118539e-01,0,,1103,23428
158.7,1.707900742841e-01,0,,1099,23432
158.8,1.707720048800e-01,0,,1102,23429
158.9,1.707612105113e-01,0,,1100,23431
159.0,1.707576980489e-01,0,,1103,23428
159.1,1.707614743642e-01,0,,1106,23425
159.2,1.707725463298e-01,0,,1107,23424
159.3,1.707909208192e-01,0,,1112,23419
159.4,1.708166047065e-01,0,,1110,23421
159.5,1.708496048669e-01,0,,1108,23423
159.6,1.708899281762e-01,0,,1111,23420
159.7,1.709375815112e-01,0,,1108,23423
159.8,1.709925717494e-01,0,,1113,23418
159.9,1.709633436948e-01,0,,1111,23420
160.0,1.709123415241e-01,0,,1107,23424
160.1,1.706436971951e-01,0,,1104,23427
160.2,1.700441649477e-01,0,,1103,23428
160.3,1.694521071024e-01,0,,1101,23430
160.4,1.688675317064e-01,0,,1104,23427
160.5,1.682904468102e-01,0,,1103,23428
160.6,1.677208604666e-01,0,,1102,23429
160.7,1.671587807309e-01,0,,1105,23426
160.8,1.666042156614e-01,0,,1107,23424
160.9,1.660571733183e-01,0,,1107,23424
161.0,1.655176617647e-01,0,,1110,23421
161.1,1.649856890666e-01,0,,1111,23420
161.2,1.644612632925e-01,0,,1112,23419
161.3,1.639443925122e-01,0,,1110,23421
161.4,1.634350847996e-01,0,,1112,23419
161.5,1.629333482304e-01,0,,1112,23419
161.6,1.624391908825e-01,0,,1111,23420
161.7,1.619526208372e-01,0,,1108,23423
161.8,1.614736461766e-01,0,,1105,23426
161.9,1.610022749872e-01,0,,1105,23426
162.0,1.605385153558e-01,0,,1103,23428
162.1,1.600823753733e-01,0,,1105,23426
162.2,1.596338631321e-01,0,,1104,23427
162.3,1.591929867273e-01,0,,1106,23425
162.4,1.587597542562e-01,0,,1108,23423
162.5,1.583341738179e-01,0,,1107,23424
162.6,1.579162535152e-01,0,,1112,23419
162.7,1.575060014517e-01,0,,1112,23419
162.8,1.571034257340e-01,0,,1110,23421
162.9,1.567085344706e-01,0,,1113,23418
163.0,1.563213357722e-01,0,,1110,23421
163.1,1.559418377521e-01,0,,1115,23416
163.2,1.555700485260e-01,0,,1113,23418
163.3,1.552059762106e-01,0,,1109,23422
163.4,1.548496289252e-01,0,,1106,23425
163.5,1.545010147921e-01,0,,1104,23427
163.6,1.541601419351e-01,0,,1103,23428
163.7,1.538270184798e-01,0,,1103,23428
163.8,1.535016525542e-01,0,,1103,23428
163.9,1.531840522884e-01,0,,1102,23429
164.0,1.528742258145e-01,0,,1105,23426
164.1,1.525721812665e-01,0,,1109,23422
164.2,1.522779267804e-01,0,,1109,23422
164.3,1.519914704941e-01,0,,1112,23419
164.4,1.517128205478e-01,0,,1113,23418
164.5,1.514419850834e-01,0,,1114,23417
164.6,1.511789722447e-01,0,,1111,23420
164.7,1.509237901772e-01,0,,1111,23420
164.8,1.506764470292e-01,0,,1113,23418
164.9,1.504369509494e-01,0,,1112,23419
165.0,1.502053100893e-01,0,,1109,23422
165.1,1.499815326021e-01,0,,1106,23425
165.2,1.497656266423e-01,0,,1106,23425
165.3,1.495576003676e-01,0,,1104,23427
165.4,1.493574619360e-01,0,,1106,23425
165.5,1.491652195075e-01,0,,1103,23428
165.6,1.489808812441e-01,0,,1107,23424
165.7,1.488044553095e-01,0,,1107,23424
165.8,1.486359498692e-01,0,,1108,23423
165.9,1.484753730898e-01,0,,1112,23419
166.0,1.483227331401e-01,0,,1114,23417
166.1,1.481780381904e-01,0,,1112,23419
166.2,1.480412964124e-01,0,,1115,23416
166.3,1.479125159795e-01,0,,1112,23419
166.4,1.477917050666e-01,0,,1116,23415
166.5,1.476788718504e-01,0,,1114,23417
166.6,1.475740245087e-01,0,,1112,23419
166.7,1.474771712209e-01,0,,1107,23424
166.8,1.473883201681e-01,0,,1107,23424
166.9,1.473074795328e-01,0,,1108,23423
167.0,1.472346574986e-01,0,,1105,23426
167.1,1.471698622508e-01,0,,1106,23425
167.2,1.471131019762e-01,0,,1105,23426
167.3,1.470643848626e-01,0,,1108,23423
167.4,1.470237190995e-01,0,,1114,23417
167.5,1.469911128773e-01,0,,1113,23418
167.6,1.469665743882e-01,0,,1117,23414
167.7,1.469501118253e-01,0,,1117,23414
167.8,1.469417333832e-01,0,,1118,23413
167.9,1.469414472566e-01,0,,1115,23416
168.0,1.469492616440e-01,0,,1113,23418
168.1,1.469651847426e-01,0,,1118,23413
168.2,1.469892247518e-01,0,,1115,23416
168.3,1.470213898718e-01,0,,1112,23419
168.4,1.470616883045e-01,0,,1109,23422
168.5,1.471101282521e-01,0,,1110,23421
168.6,1.471667179186e-01,0,,1107,23424
168.7,1.472314655086e-01,0,,1110,23421
168.8,1.473043792278e-01,0,,1108,23423
168.9,1.473854672830e-01,0,,1109,23422
169.0,1.474747378820e-01,0,,1111,23420
169.1,1.475721992333e-01,0,,1112,23419
169.2,1.476778595467e-01,0,,1113,23418
169.3,1.477917270326e-01,0,,1118,23413
169.4,1.479138099026e-01,0,,1115,23416
169.5,1.480441163686e-01,0,,1118,23413
169.6,1.481826546442e-01,0,,1115,23416
169.7,1.481702585074e-01,0,,1117,23414
169.8,1.480178425849e-01,0,,1116,23415
169.9,1.478734199208e-01,0,,1114,23417
170.0,1.477369987652e-01,0,,1111,23420
170.1,1.476085873706e-01,0,,1110,23421
170.2,1.474881939903e-01,0,,1111,23420
170.3,1.473758268794e-01,0,,1108,23423
170.4,1.472714942946e-01,0,,1110,23421
170.5,1.471752044931e-01,0,,1108,23423
170.6,1.470869657361e-01,0,,1109,23422
170.7,1.470067862840e-01,0,,1115,23416
170.8,1.469346743990e-01,0,,1114,23417
170.9,1.468706383453e-01,0,,1118,23413
171.0,1.468146863883e-01,0,,1118,23413
171.1,1.467668267949e-01,0,,1118,23413
171.2,1.467270678327e-01,0,,1116,23415
171.3,1.466954177715e-01,0,,1112,23419
171.4,1.466718848819e-01,0,,1116,23415
171.5,1.466564774359e-01,0,,1115,23416
171.6,1.466492037069e-01,0,,1113,23418
171.7,1.466500719695e-01,0,,1110,23421
171.8,1.466590904993e-01,0,,1109,23422
171.9,1.466762675734e-01,0,,1106,23425
172.0,1.467016114699e-01,0,,1111,23420
172.1,1.467351304681e-01,0,,1110,23421
172.2,1.467768328485e-01,0,,1110,23421
172.3,1.468267268925e-01,0,,1112,23419
172.4,1.468848208828e-01,0,,1114,23417
172.5,1.469511231031e-01,0,,1117,23414
172.6,1.470256418381e-01,0,,1121,23410
172.7,1.471083853737e-01,0,,1118,23413
172.8,1.471993619963e-01,0,,1120,23411
172.9,1.472985799939e-01,0,,1116,23415
173.0,1.474060476543e-01,0,,1118,23413
173.1,1.475217732683e-01,0,,1117,23414
173.2,1.476457651258e-01,0,,1116,23415
173.3,1.477780315185e-01,0,,1113,23418
173.4,1.479185807378e-01,0,,1111,23420
173.5,1.480674210772e-01,0,,1113,23418
173.6,1.482245608303e-01,0,,1110,23421
173.7,1.483900082918e-01,0,,1110,23421
173.8,1.485637717570e-01,0,,1110,23421
173.9,1.487458595218e-01,0,,1111,23420
174.0,1.489362798830e-01,0,,1116,23415
174.1,1.491350411379e-01,0,,1115,23416
174.2,1.493421515848e-01,0,,1119,23412
174.3,1.495576195224e-01,0,,1119,23412
174.4,1.497814532497e-01,0,,1117,23414
174.5,1.500136610664e-01,0,,1117,23414
174.6,1.502542512735e-01,0,,1111,23420
174.7,1.505032321713e-01,0,,1117,23414
174.8,1.507606120617e-01,0,,1115,23416
174.9,1.510263992461e-01,0,,1114,23417
175.0,1.513006020274e-01,0,,1111,23420
175.1,1.515832287079e-01,0,,1111,23420
175.2,1.518742875912e-01,0,,1107,23424
175.3,1.521737869804e-01,0,,1112,23419
175.4,1.524817351795e-01,0,,1111,23420
175.5,1.527981404927e-01,0,,1111,23420
175.6,1.531230112235e-01,0,,1113,23418
175.7,1.534563556782e-01,0,,1116,23415
175.8,1.537981821608e-01,0,,1116,23415
175.9,1.541484989769e-01,0,,1120,23411
176.0,1.545073144315e-01,0,,1117,23414
176.1,1.548746368300e-01,0,,1119,23412
176.2,1.552504744780e-01,0,,1117,23414
176.3,1.556348356818e-01,0,,1117,23414
176.4,1.560277287461e-01,0,,1118,23413
176.5,1.564291619777e-01,0,,1115,23416
176.6,1.568391436823e-01,0,,1113,23418
176.7,1.572576821655e-01,0,,1111,23420
176.8,1.576847857332e-01,0,,1113,23418
176.9,1.581204626906e-01,0,,1110,23421
177.0,1.585647213441e-01,0,,1113,23418
177.1,1.590175699990e-01,0,,1111,23420
177.2,1.594790169604e-01,0,,1113,23418
177.3,1.599490705335e-01,0,,1117,23414
177.4,1.604277390226e-01,0,,1117,23414
177.5,1.609150307339e-01,0,,1121,23410
177.6,1.614109539713e-01,0,,1123,23408
177.7,1.619155170385e-01,0,,1120,23411
177.8,1.624287282390e-01,0,,1121,23410
177.9,1.629505958778e-01,0,,1118,23413
178.0,1.634811282564e-01,0,,1122,23409
178.1,1.640203336777e-01,0,,1118,23413
178.2,1.645682204449e-01,0,,1117,23414
178.3,1.651247968596e-01,0,,1114,23417
178.4,1.656900712228e-01,0,,1113,23418
178.5,1.662640518352e-01,0,,1111,23420
178.6,1.668467469964e-01,0,,1115,23416
178.7,1.674381650073e-01,0,,1114,23417
178.8,1.679911757701e-01,0,,1113,23418
178.9,1.680237130834e-01,0,,1116,23415
179.0,1.680644063169e-01,0,,1119,23412
179.1,1.681132637018e-01,0,,1119,23412
179.2,1.681702934710e-01,0,,1122,23409
179.3,1.682032478576e-01,0,,1120,23411
179.4,1.681422482151e-01,0,,1122,23409
179.5,1.680893093060e-01,0,,1121,23410
179.6,1.680444393478e-01,0,,1119,23412
179.7,1.680076465594e-01,0,,1118,23413
179.8,1.679789391605e-01,0,,1118,23413
179.9,1.679583253722e-01,0,,1116,23415
180.0,1.679458134170e-01,0,,1116,23415
180.1,1.679414115185e-01,0,,1117,23414
180.2,1.679451279013e-01,0,,1113,23418
180.3,1.679569707913e-01,0,,1115,23416
180.4,1.679769484155e-01,0,,1113,23418
180.5,1.680050690021e-01,0,,1114,23417
180.6,1.680413407801e-01,0,,1118,23413
180.7,1.680857719798e-01,0,,1119,23412
180.8,1.674876958482e-01,0,,1123,23408
180.9,1.668468530133e-01,0,,1123,23408
181.0,1.662143489509e-01,0,,1120,23411
181.1,1.655901933534e-01,0,,1123,23408
181.2,1.649743959147e-01,0,,1117,23414
181.3,1.643669663353e-01,0,,1122,23409
181.4,1.637679143169e-01,0,,1119,23412
181.5,1.631772495654e-01,0,,1115,23416
181.6,1.625949817890e-01,0,,1113,23418
181.7,1.620211207013e-01,0,,1114,23417
181.8,1.614556760182e-01,0,,1113,23418
181.9,1.608986574592e-01,0,,1116,23415
182.0,1.603500747460e-01,0,,1115,23416
182.1,1.598099376048e-01,0,,1113,23418
182.2,1.592782557650e-01,0,,1116,23415
182.3,1.587550389593e-01,0,,1119,23412
182.4,1.582402969222e-01,0,,1120,23411
182.5,1.577340393929e-01,0,,1122,23409
182.6,1.572362761137e-01,0,,1122,23409
182.7,1.567470168301e-01,0,,1124,23407
182.8,1.562662712889e-01,0,,1123,23408
182.9,1.557940492418e-01,0,,1120,23411
183.0,1.553303604444e-01,0,,1120,23411
183.1,1.548752146521e-01,0,,1121,23410
183.2,1.544286216270e-01,0,,1116,23415
183.3,1.539905911314e-01,0,,1115,23416
183.4,1.535611329320e-01,0,,1115,23416
183.5,1.531402567987e-01,0,,1115,23416
183.6,1.527279725028e-01,0,,1116,23415
183.7,1.523242898198e-01,0,,1113,23418
183.8,1.519292185279e-01,0,,1115,23416
183.9,1.515427684079e-01,0,,1117,23414
184.0,1.511649492437e-01,0,,1118,23413
184.1,1.507957708212e-01,0,,1123,23408
184.2,1.504352429298e-01,0,,1123,23408
184.3,1.500833753617e-01,0,,1120,23411
184.4,1.497401779117e-01,0,,1123,23408
184.5,1.494056603765e-01,0,,1118,23413
184.6,1.490798325570e-01,0,,1122,23409
184.7,1.487627042555e-01,0,,1119,23412
184.8,1.484542852771e-01,0,,1115,23416
184.9,1.481545854295e-01,0,,1112,23419
185.0,1.478636145235e-01,0,,1113,23418
185.1,1.475813823720e-01,0,,1114,23417
185.2,1.473078987906e-01,0,,1112,23419
185.3,1.470431735962e-01,0,,1112,23419
185.4,1.467872166106e-01,0,,1111,23420
185.5,1.465400376560e-01,0,,1113,23418
185.6,1.463016465577e-01,0,,1119,23412
185.7,1.460720531430e-01,0,,1118,23413
185.8,1.458512672416e-01,0,,1122,23409
185.9,1.456392986861e-01,0,,1122,23409
186.0,1.454361573108e-01,0,,1123,23408
186.1,1.452418529527e-01,0,,1121,23410
186.2,1.450563954504e-01,0,,1119,23412
186.3,1.448797946452e-01,0,,1120,23411
186.4,1.447120603802e-01,0,,1119,23412
186.5,1.445532025011e-01,0,,1115,23416
186.6,1.444032308553e-01,0,,1114,23417
186.7,1.442621552926e-01,0,,1115,23416
186.8,1.441299856646e-01,0,,1113,23418
186.9,1.440067318249e-01,0,,1116,23415
187.0,1.438924036292e-01,0,,1112,23419
187.1,1.437870109354e-01,0,,1115,23416
187.2,1.436905636030e-01,0,,1118,23413
187.3,1.436030714935e-01,0,,1118,23413
187.4,1.435245444701e-01,0,,1121,23410
187.5,1.434549923983e-01,0,,1123,23408
187.6,1.433944251450e-01,0,,1121,23410
187.7,1.433428525783e-01,0,,1126,23405
187.8,1.433002845702e-01,0,,1122,23409
187.9,1.432667309923e-01,0,,1126,23405
188.0,1.432422017185e-01,0,,1123,23408
188.1,1.432267066243e-01,0,,1121,23410
188.2,1.432202555871e-01,0,,1116,23415
188.3,1.432228584859e-01,0,,1117,23414
188.4,1.432345252010e-01,0,,1119,23412
188.5,1.432552656143e-01,0,,1117,23414
188.6,1.432850896095e-01,0,,1118,23413
188.7,1.433240070714e-01,0,,1117,23414
188.8,1.433720278864e-01,0,,1118,23413
188.9,1.434291619422e-01,0,,1124,23407
189.0,1.434954191281e-01,0,,1123,23408
189.1,1.435708093347e-01,0,,1126,23405
189.2,1.436553424536e-01,0,,1125,23406
189.3,1.437490283781e-01,0,,1125,23406
189.4,1.438518770022e-01,0,,1124,23407
189.5,1.439638982220e-01,0,,1121,23410
189.6,1.440851019336e-01,0,,1126,23405
189.7,1.442154980355e-01,0,,1123,23408
189.8,1.443550964264e-01,0,,1119,23412
189.9,1.445039070065e-01,0,,1116,23415
190.0,1.446300758335e-01,0,,1116,23415
190.1,1.444584818684e-01,0,,1114,23417
190.2,1.442958152576e-01,0,,1119,23412
190.3,1.441420859446e-01,0,,1117,23414
190.4,1.439973038756e-01,0,,1118,23413
190.5,1.438614789987e-01,0,,1120,23411
190.6,1.437346212636e-01,0,,1121,23410
190.7,1.436167406227e-01,0,,1124,23407
190.8,1.435078470299e-01,0,,1126,23405
190.9,1.434079504414e-01,0,,1123,23408
191.0,1.433170608152e-01,0,,1126,23405
191.1,1.432351881110e-01,0,,1123,23408
191.2,1.431623422909e-01,0,,1126,23405
191.3,1.430985333186e-01,0,,1124,23407
191.4,1.430437711592e-01,0,,1121,23410
191.5,1.429980657801e-01,0,,1117,23414
191.6,1.429614271504e-01,0,,1116,23415
191.7,1.429338652408e-01,0,,1117,23414
191.8,1.429153900237e-01,0,,1115,23416
191.9,1.429060114733e-01,0,,1117,23414
192.0,1.429057395653e-01,0,,1117,23414
192.1,1.429145842772e-01,0,,1119,23412
192.2,1.429325555877e-01,0,,1124,23407
192.3,1.429596634766e-01,0,,1123,23408
192.4,1.429959179274e-01,0,,1127,23404
192.5,1.430413289227e-01,0,,1127,23404
192.6,1.430959064471e-01,0,,1125,23406
192.7,1.431596604871e-01,0,,1126,23405
192.8,1.432326010306e-01,0,,1121,23410
192.9,1.433147380661e-01,0,,1128,23403
193.0,1.434060815842e-01,0,,1125,23406
193.1,1.435066415766e-01,0,,1121,23410
193.2,1.436164280359e-01,0,,1117,23414
193.3,1.437354509563e-01,0,,1116,23415
193.4,1.438637203330e-01,0,,1115,23416
193.5,1.440012461620e-01,0,,1120,23411
193.6,1.441480384412e-01,0,,1119,23412
193.7,1.443041071689e-01,0,,1119,23412
193.8,1.444694623445e-01,0,,1121,23410
193.9,1.446441139688e-01,0,,1125,23406
194.0,1.448280720437e-01,0,,1125,23406
194.1,1.450213465712e-01,0,,1127,23404
194.2,1.452239475548e-01,0,,1124,23407
194.3,1.454358849985e-01,0,,1127,23404
194.4,1.456571689079e-01,0,,1125,23406
194.5,1.458878092885e-01,0,,1126,23405
194.6,1.461278161462e-01,0,,1127,23404
194.7,1.463771994899e-01,0,,1125,23406
194.8,1.466359693270e-01,0,,1120,23411
194.9,1.469041356662e-01,0,,1118,23413
195.0,1.471817085166e-01,0,,1118,23413
195.1,1.474686978880e-01,0,,1116,23415
195.2,1.477651137914e-01,0,,1118,23413
195.3,1.480709662375e-01,0,,1118,23413
195.4,1.483862652372e-01,0,,1120,23411
195.5,1.487110208028e-01,0,,1124,23407
195.6,1.490452429466e-01,0,,1123,23408
195.7,1.493889416817e-01,0,,1129,23402
195.8,1.497421270204e-01,0,,1129,23402
195.9,1.501048089759e-01,0,,1128,23403
196.0,1.504769975614e-01,0,,1128,23403
196.1,1.508587027915e-01,0,,1125,23406
196.2,1.512499346787e-01,0,,1130,23401
196.3,1.516507032382e-01,0,,1126,23405
196.4,1.520610184841e-01,0,,1124,23407
196.5,1.524808904299e-01,0,,1120,23411
196.6,1.529103290903e-01,0,,1116,23415
196.7,1.533493444790e-01,0,,1116,23415
196.8,1.537979466089e-01,0,,1121,23410
196.9,1.542561454966e-01,0,,1122,23409
197.0,1.547239511547e-01,0,,1122,23409
197.1,1.552013735955e-01,0,,1124,23407
197.2,1.556884228346e-01,0,,1128,23403
197.3,1.561851088841e-01,0,,1128,23403
197.4,1.566914417576e-01,0,,1132,23399
197.5,1.572074314668e-01,0,,1131,23400
197.6,1.577330880237e-01,0,,1134,23397
197.7,1.582684214406e-01,0,,1133,23398
197.8,1.588134417289e-01,0,,1132,23399
197.9,1.593681588991e-01,0,,1132,23399
198.0,1.599325829618e-01,0,,1133,23398
198.1,1.605067239270e-01,0,,1128,23403
198.2,1.610905918032e-01,0,,1125,23406
198.3,1.616841965987e-01,0,,1123,23408
198.4,1.622875483209e-01,0,,1122,23409
198.5,1.629006569777e-01,0,,1125,23406
198.6,1.635235325749e-01,0,,1125,23406
198.7,1.641561851170e-01,0,,1127,23404
198.8,1.647986246092e-01,0,,1130,23401
198.9,1.649260363399e-01,0,,1131,23400
199.0,1.649425560418e-01,0,,1136,23395
199.1,1.649681788230e-01,0,,1135,23396
199.2,1.650029146007e-01,0,,1133,23398
199.3,1.650467732928e-01,0,,1136,23395
199.4,1.650997648193e-01,0,,1130,23401
199.5,1.651618991007e-01,0,,1135,23396
199.6,1.652245802039e-01,0,,1133,23398
199.7,1.651547083382e-01,0,,1130,23401
199.8,1.650938446234e-01,0,,1125,23406
199.9,1.650419989605e-01,0,,1124,23407
200.0,1.649991812523e-01,0,,1123,23408
200.1,1.649654014031e-01,0,,1127,23404
200.2,1.649406693189e-01,0,,1127,23404
200.3,1.649249949072e-01,0,,1127,23404
200.4,1.649183880766e-01,0,,1129,23402
200.5,1.649208587388e-01,0,,1133,23398
200.6,1.648574528085e-01,0,,1133,23398
200.7,1.641604389358e-01,0,,1136,23395
200.8,1.634727543835e-01,0,,1136,23395
200.9,1.627944109031e-01,0,,1138,23393
201.0,1.621254202522e-01,0,,1137,23394
201.1,1.614657941914e-01,0,,1134,23397
201.2,1.608155444879e-01,0,,1134,23397
201.3,1.601746829107e-01,0,,1135,23396
201.4,1.595432212366e-01,0,,1132,23399
201.5,1.589211712450e-01,0,,1127,23404
201.6,1.583085447212e-01,0,,1124,23407
201.7,1.577053534534e-01,0,,1124,23407
201.8,1.571116092345e-01,0,,1126,23405
201.9,1.565273238621e-01,0,,1126,23405
202.0,1.559525091397e-01,0,,1130,23401
202.1,1.553871768728e-01,0,,1132,23399
202.2,1.548313388721e-01,0,,1134,23397
202.3,1.542850069518e-01,0,,1139,23392
202.4,1.537481929321e-01,0,,1139,23392
202.5,1.532209086365e-01,0,,1138,23393
202.6,1.527031658927e-01,0,,1140,23391
202.7,1.521949765318e-01,0,,1135,23396
202.8,1.516963523902e-01,0,,1139,23392
202.9,1.512073053074e-01,0,,1136,23395
203.0,1.507278471267e-01,0,,1133,23398
203.1,1.502579896970e-01,0,,1128,23403
203.2,1.497977448699e-01,0,,1125,23406
203.3,1.493471245011e-01,0,,1126,23405
203.4,1.489061404509e-01,0,,1126,23405
203.5,1.484748045820e-01,0,,1129,23402
203.6,1.480531287618e-01,0,,1128,23403
203.7,1.476411248625e-01,0,,1131,23400
203.8,1.472388047577e-01,0,,1137,23394
203.9,1.468461803268e-01,0,,1134,23397
204.0,1.464632634512e-01,0,,1138,23393
204.1,1.460900660178e-01,0,,1138,23393
204.2,1.457265999158e-01,0,,1139,23392
204.3,1.453728770388e-01,0,,1137,23394
204.4,1.450289092825e-01,0,,1135,23396
204.5,1.446947085471e-01,0,,1136,23395
204.6,1.443702867367e-01,0,,1136,23395
204.7,1.440556557577e-01,0,,1132,23399
204.8,1.437508275207e-01,0,,1127,23404
204.9,1.434558139398e-01,0,,1124,23407
205.0,1.431706269314e-01,0,,1122,23409
205.1,1.428952784161e-01,0,,1127,23404
205.2,1.426297803169e-01,0,,1126,23405
205.3,1.423741445610e-01,0,,1129,23402
205.4,1.421283830779e-01,0,,1131,23400
205.5,1.418925078008e-01,0,,1133,23398
205.6,1.416665306651e-01,0,,1136,23395
205.7,1.414504636100e-01,0,,1136,23395
205.8,1.412443185778e-01,0,,1135,23396
205.9,1.410481075136e-01,0,,1137,23394
206.0,1.408618423643e-01,0,,1132,23399
206.1,1.406855350814e-01,0,,1136,23395
206.2,1.405191976180e-01,0,,1134,23397
206.3,1.403628419305e-01,0,,1132,23399
206.4,1.402164799781e-01,0,,1128,23403
206.5,1.400801237225e-01,0,,1125,23406
206.6,1.399537851281e-01,0,,1126,23405
206.7,1.398374761620e-01,0,,1124,23407
206.8,1.397312087936e-01,0,,1128,23403
206.9,1.396349949951e-01,0,,1127,23404
207.0,1.395488467413e-01,0,,1128,23403
207.1,1.394727760092e-01,0,,1135,23396
207.2,1.394067947783e-01,0,,1134,23397
207.3,1.393509150304e-01,0,,1137,23394
207.4,1.393051487497e-01,0,,1138,23393
207.5,1.392695079221e-01,0,,1139,23392
207.6,1.392440045376e-01,0,,1139,23392
207.7,1.392286505863e-01,0,,1136,23395
207.8,1.392234580610e-01,0,,1140,23391
207.9,1.392284389572e-01,0,,1137,23394
208.0,1.392436052720e-01,0,,1132,23399
208.1,1.392689690046e-01,0,,1127,23404
208.2,1.393045421562e-01,0,,1125,23406
208.3,1.393503367298e-01,0,,1123,23408
208.4,1.394063647305e-01,0,,1128,23403
208.5,1.394726381651e-01,0,,1130,23401
208.6,1.395491690420e-01,0,,1131,23400
208.7,1.396359693716e-01,0,,1133,23398
208.8,1.397330511662e-01,0,,1134,23397
208.9,1.398404264393e-01,0,,1135,23396
209.0,1.399581072064e-01,0,,1138,23393
209.1,1.400861054839e-01,0,,1137,23394
209.2,1.402244332905e-01,0,,1139,23392
209.3,1.403731026458e-01,0,,1137,23394
209.4,1.405321255713e-01,0,,1140,23391
209.5,1.407015140896e-01,0,,1137,23394
209.6,1.406753859933e-01,0,,1134,23397
209.7,1.404901830361e-01,0,,1130,23401
209.8,1.403150031312e-01,0,,1125,23406
209.9,1.401498583540e-01,0,,1125,23406
210.0,1.399947607820e-01,0,,1124,23407
210.1,1.398497224956e-01,0,,1127,23404
210.2,1.397147555782e-01,0,,1127,23404
210.3,1.395898721160e-01,0,,1129,23402
210.4,1.394750841974e-01,0,,1134,23397
210.5,1.393704039136e-01,0,,1133,23398
210.6,1.392758433583e-01,0,,1137,23394
210.7,1.391914146279e-01,0,,1137,23394
210.8,1.391171298213e-01,0,,1137,23394
210.9,1.390530010396e-01,0,,1137,23394
211.0,1.389990403864e-01,0,,1132,23399
211.1,1.389552599678e-01,0,,1138,23393
211.2,1.389216718919e-01,0,,1135,23396
211.3,1.388982882694e-01,0,,1130,23401
211.4,1.388851212130e-01,0,,1127,23404
211.5,1.388821828377e-01,0,,1123,23408
211.6,1.388894852597e-01,0,,1121,23410
211.7,1.389070405996e-01,0,,1126,23405
211.8,1.389348609777e-01,0,,1129,23402
211.9,1.389729585172e-01,0,,1129,23402
212.0,1.390213453431e-01,0,,1131,23400
212.1,1.390800335827e-01,0,,1135,23396
212.2,1.391490353647e-01,0,,1135,23396
212.3,1.392283628199e-01,0,,1139,23392
212.4,1.393180280804e-01,0,,1138,23393
212.5,1.394180432806e-01,0,,1140,23391
212.6,1.395284205561e-01,0,,1139,23392
212.7,1.396491720444e-01,0,,1138,23393
212.8,1.397803098846e-01,0,,1138,23393
212.9,1.399218462171e-01,0,,1137,23394
213.0,1.400737931839e-01,0,,1132,23399
213.1,1.402361629285e-01,0,,1126,23405
213.2,1.404089675952e-01,0,,1125,23406
213.3,1.405922193306e-01,0,,1124,23407
213.4,1.407859302822e-01,0,,1127,23404
213.5,1.409901125985e-01,0,,1127,23404
213.6,1.412047784282e-01,0,,1129,23402
213.7,1.414299399238e-01,0,,1133,23398
213.8,1.416656092374e-01,0,,1133,23398
213.9,1.419117985210e-01,0,,1138,23393
214.0,1.421685199289e-01,0,,1138,23393
214.1,1.424357856160e-01,0,,1138,23393
214.2,1.427136077386e-01,0,,1138,23393
214.3,1.430019984528e-01,0,,1136,23395
214.4,1.433009699162e-01,0,,1138,23393
214.5,1.436105342873e-01,0,,1134,23397
214.6,1.439307037252e-01,0,,1132,23399
214.7,1.442614903889e-01,0,,1127,23404
214.8,1.446029064382e-01,0,,1120,23411
214.9,1.449549640341e-01,0,,1121,23410
215.0,1.453176753372e-01,0,,1126,23405
215.1,1.456910525097e-01,0,,1128,23403
215.2,1.460751077129e-01,0,,1129,23402
215.3,1.464698531079e-01,0,,1131,23400
215.4,1.468753008590e-01,0,,1135,23396
215.5,1.472914631282e-01,0,,1135,23396
215.6,1.477183520771e-01,0,,1138,23393
215.7,1.481559798694e-01,0,,1137,23394
215.8,1.486043586680e-01,0,,1139,23392
215.9,1.490635006353e-01,0,,1139,23392
216.0,1.495334179332e-01,0,,1137,23394
216.1,1.500141227262e-01,0,,1135,23396
216.2,1.505056271753e-01,0,,1136,23395
216.3,1.510079434437e-01,0,,1132,23399
216.4,1.515210836928e-01,0,,1127,23404
216.5,1.520450600832e-01,0,,1126,23405
216.6,1.525798847770e-01,0,,1125,23406
216.7,1.531255699349e-01,0,,1129,23402
216.8,1.536821277170e-01,0,,1131,23400
216.9,1.542495702817e-01,0,,1133,23398
217.0,1.548279097882e-01,0,,1137,23394
217.1,1.554171583961e-01,0,,1138,23393
217.2,1.560173282622e-01,0,,1143,23388
217.3,1.566284315425e-01,0,,1143,23388
217.4,1.572504803925e-01,0,,1142,23389
217.5,1.578834869670e-01,0,,1144,23387
217.6,1.585274634207e-01,0,,1139,23392
217.7,1.591824219053e-01,0,,1142,23389
217.8,1.598483745732e-01,0,,1138,23393
217.9,1.605253335750e-01,0,,1136,23395
218.0,1.612133110597e-01,0,,1132,23399
218.1,1.616845212588e-01,0,,1127,23404
218.2,1.616693393659e-01,0,,1128,23403
218.3,1.616643450483e-01,0,,1130,23401
218.4,1.616695503376e-01,0,,1132,23399
218.5,1.616849672671e-01,0,,1133,23398
218.6,1.617106078722e-01,0,,1135,23396
218.7,1.617464841902e-01,0,,1140,23391
218.8,1.617926082602e-01,0,,1140,23391
218.9,1.618489921231e-01,0,,1143,23388
219.0,1.619156478212e-01,0,,1143,23388
219.1,1.619925873989e-01,0,,1145,23386
219.2,1.619533569831e-01,0,,1145,23386
219.3,1.618818601741e-01,0,,1142,23389
219.4,1.618204837494e-01,0,,1141,23390
219.5,1.617692397267e-01,0,,1142,23389
219.6,1.617281401267e-01,0,,1137,23394
219.7,1.614010188223e-01,0,,1133,23398
219.8,1.606494006602e-01,0,,1131,23400
219.9,1.599082779159e-01,0,,1131,23400
220.0,1.591776649572e-01,0,,1134,23397
220.1,1.584575761574e-01,0,,1134,23397
220.2,1.577480258971e-01,0,,1137,23394
220.3,1.570490285620e-01,0,,1139,23392
220.4,1.563605985427e-01,0,,1141,23390
220.5,1.556827502381e-01,0,,1146,23385
220.6,1.550154980535e-01,0,,1146,23385
220.7,1.543588563998e-01,0,,1145,23386
220.8,1.537128396922e-01,0,,1145,23386
220.9,1.530774623544e-01,0,,1142,23389
221.0,1.524527388141e-01,0,,1144,23387
221.1,1.518386835060e-01,0,,1142,23389
221.2,1.512353108700e-01,0,,1139,23392
221.3,1.506426353522e-01,0,,1135,23396
221.4,1.500606714034e-01,0,,1131,23400
221.5,1.494894334828e-01,0,,1134,23397
221.6,1.489289360522e-01,0,,1134,23397
221.7,1.483791935804e-01,0,,1137,23394
221.8,1.478402205418e-01,0,,1137,23394
221.9,1.473120314169e-01,0,,1138,23393
222.0,1.467946406900e-01,0,,1145,23386
222.1,1.462880628509e-01,0,,1144,23387
222.2,1.457923123958e-01,0,,1146,23385
222.3,1.453074038273e-01,0,,1146,23385
222.4,1.448333516505e-01,0,,1145,23386
222.5,1.443701703775e-01,0,,1145,23386
222.6,1.439178745256e-01,0,,1142,23389
222.7,1.434764786156e-01,0,,1144,23387
222.8,1.430459971753e-01,0,,1144,23387
222.9,1.426264447364e-01,0,,1140,23391
223.0,1.422178358355e-01,0,,1135,23396
223.1,1.418201850153e-01,0,,1133,23398
223.2,1.414335068211e-01,0,,1131,23400
223.3,1.410578158043e-01,0,,1136,23395
223.4,1.406931265222e-01,0,,1136,23395
223.5,1.403394535354e-01,0,,1138,23393
223.6,1.399968114089e-01,0,,1140,23391
223.7,1.396652147127e-01,0,,1142,23389
223.8,1.393446780213e-01,0,,1143,23388
223.9,1.390352159138e-01,0,,1146,23385
224.0,1.387368429740e-01,0,,1145,23386
224.1,1.384495737890e-01,0,,1144,23387
224.2,1.381734229513e-01,0,,1142,23389
224.3,1.379084050569e-01,0,,1143,23388
224.4,1.376545347065e-01,0,,1141,23390
224.5,1.374118265044e-01,0,,1140,23391
224.6,1.371802950593e-01,0,,1136,23395
224.7,1.369599549843e-01,0,,1132,23399
224.8,1.367508208955e-01,0,,1134,23397
224.9,1.365529074137e-01,0,,1131,23400
225.0,1.363662291633e-01,0,,1137,23394
225.1,1.361908007717e-01,0,,1135,23396
225.2,1.360266368725e-01,0,,1136,23395
225.3,1.358737520999e-01,0,,1143,23388
225.4,1.357321610932e-01,0,,1143,23388
225.5,1.356018784954e-01,0,,1145,23386
225.6,1.354829189525e-01,0,,1145,23386
225.7,1.353752971144e-01,0,,1144,23387
225.8,1.352790276337e-01,0,,1143,23388
225.9,1.351941251670e-01,0,,1140,23391
226.0,1.351206043735e-01,0,,1143,23388
226.1,1.350584799167e-01,0,,1143,23388
226.2,1.350077664613e-01,0,,1139,23392
226.3,1.349684786768e-01,0,,1136,23395
226.4,1.349406312349e-01,0,,1133,23398
226.5,1.349242388107e-01,0,,1134,23397
226.6,1.349193160817e-01,0,,1137,23394
226.7,1.349258777286e-01,0,,1140,23391
226.8,1.349439384345e-01,0,,1141,23390
226.9,1.349735128846e-01,0,,1143,23388
227.0,1.350146157690e-01,0,,1145,23386
227.1,1.350672617779e-01,0,,1146,23385
227.2,1.351314656048e-01,0,,1150,23381
227.3,1.352072419458e-01,0,,1148,23383
227.4,1.352946054993e-01,0,,1149,23382
227.5,1.353935709659e-01,0,,1146,23385
227.6,1.355041530485e-01,0,,1146,23385
227.7,1.356263664522e-01,0,,1145,23386
227.8,1.357602258839e-01,0,,1145,23386
227.9,1.359057460531e-01,0,,1140,23391
228.0,1.360629416700e-01,0,,1135,23396
228.1,1.362318274485e-01,0,,1137,23394
228.2,1.364124181033e-01,0,,1136,23395
228.3,1.366047283507e-01,0,,1141,23390
228.4,1.364404030916e-01,0,,1141,23390
228.5,1.362385336416e-01,0,,1143,23388
228.6,1.360479685699e-01,0,,1146,23385
228.7,1.358687226549e-01,0,,1146,23385
228.8,1.357008106808e-01,0,,1149,23382
228.9,1.355442474332e-01,0,,1150,23381
229.0,1.353990477027e-01,0,,1148,23383
229.1,1.352652262830e-01,0,,1147,23384
229.2,1.351427979715e-01,0,,1143,23388
229.3,1.350317775692e-01,0,,1147,23384
229.4,1.349321798809e-01,0,,1145,23386
229.5,1.348440197134e-01,0,,1142,23389
229.6,1.347673118781e-01,0,,1139,23392
229.7,1.347020711893e-01,0,,1134,23397
229.8,1.346483124646e-01,0,,1136,23395
229.9,1.346060505245e-01,0,,1138,23393
230.0,1.345753001927e-01,0,,1141,23390
230.1,1.345560762958e-01,0,,1141,23390
230.2,1.345483936635e-01,0,,1144,23387
230.3,1.345522671282e-01,0,,1145,23386
230.4,1.345677115252e-01,0,,1146,23385
230.5,1.345947416918e-01,0,,1151,23380
230.6,1.346333724700e-01,0,,1150,23381
230.7,1.346836187022e-01,0,,1151,23380
230.8,1.347454952343e-01,0,,1150,23381
230.9,1.348190169147e-01,0,,1149,23382
231.0,1.349041985941e-01,0,,1148,23383
231.1,1.350010551256e-01,0,,1150,23381
231.2,1.351096013643e-01,0,,1145,23386
231.3,1.352298521677e-01,0,,1140,23391
231.4,1.353618223957e-01,0,,1140,23391
231.5,1.355055269102e-01,0,,1140,23391
231.6,1.356609805747e-01,0,,1144,23387
231.7,1.358281982549e-01,0,,1143,23388
231.8,1.360071948181e-01,0,,1145,23386
231.9,1.361979851336e-01,0,,1146,23385
232.0,1.364005840729e-01,0,,1147,23384
232.1,1.366150065086e-01,0,,1153,23378
232.2,1.368412673148e-01,0,,1153,23378
232.3,1.370793813663e-01,0,,1151,23380
232.4,1.373293635423e-01,0,,1151,23380
232.5,1.375912287198e-01,0,,1148,23383
232.6,1.378649917793e-01,0,,1151,23380
232.7,1.381506676017e-01,0,,1149,23382
232.8,1.384482710694e-01,0,,1148,23383
232.9,1.387578170654e-01,0,,1143,23388
233.0,1.390793204742e-01,0,,1139,23392
233.1,1.394127961813e-01,0,,1140,23391
233.2,1.397582590727e-01,0,,1142,23389
233.3,1.401157240356e-01,0,,1143,23388
233.4,1.404852059565e-01,0,,1143,23388
233.5,1.408667197241e-01,0,,1146,23385
233.6,1.412602802272e-01,0,,1147,23384
233.7,1.416659023549e-01,0,,1149,23382
233.8,1.420836009970e-01,0,,1152,23379
233.9,1.425133910429e-01,0,,1152,23379
234.0,1.429552873827e-01,0,,1153,23378
234.1,1.434093049075e-01,0,,1152,23379
234.2,1.438754585072e-01,0,,1148,23383
234.3,1.443537630723e-01,0,,1149,23382
234.4,1.448442334924e-01,0,,1151,23380
234.5,1.453468846586e-01,0,,1147,23384
234.6,1.458617314595e-01,0,,1143,23388
234.7,1.463887887864e-01,0,,1140,23391
234.8,1.469280715284e-01,0,,1140,23391
234.9,1.474795945736e-01,0,,1141,23390
235.0,1.480433728102e-01,0,,1143,23388
235.1,1.486194211252e-01,0,,1146,23385
235.2,1.492077544053e-01,0,,1147,23384
235.3,1.498083875375e-01,0,,1149,23382
235.4,1.504213354064e-01,0,,1156,23375
235.5,1.510466128962e-01,0,,1157,23374
235.6,1.516842348893e-01,0,,1155,23376
235.7,1.523342162677e-01,0,,1158,23373
235.8,1.529965719125e-01,0,,1153,23378
235.9,1.536713167034e-01,0,,1154,23377
236.0,1.543584655177e-01,0,,1152,23379
236.1,1.550580332322e-01,0,,1150,23381
236.2,1.557700347213e-01,0,,1144,23387
236.3,1.564944848582e-01,0,,1141,23390
236.4,1.572313985157e-01,0,,1143,23388
236.5,1.579807905626e-01,0,,1143,23388
236.6,1.582650665120e-01,0,,1146,23385
236.7,1.582200203832e-01,0,,1143,23388
236.8,1.581864348883e-01,0,,1148,23383
236.9,1.581643247401e-01,0,,1151,23380
237.0,1.581537046543e-01,0,,1152,23379
237.1,1.581545893492e-01,0,,1155,23376
237.2,1.581669935456e-01,0,,1155,23376
237.3,1.581909319672e-01,0,,1157,23374
237.4,1.582264193397e-01,0,,1156,23375
237.5,1.582734703917e-01,0,,1153,23378
237.6,1.583320998540e-01,0,,1154,23377
237.7,1.584023224592e-01,0,,1155,23376
237.8,1.584841529433e-01,0,,1149,23382
237.9,1.585176920303e-01,0,,1145,23386
238.0,1.577560757528e-01,0,,1143,23388
238.1,1.569417236571e-01,0,,1142,23389
238.2,1.561392345566e-01,0,,1146,23385
238.3,1.553486261641e-01,0,,1146,23385
238.4,1.545699162010e-01,0,,1149,23382
238.5,1.538031223976e-01,0,,1150,23381
238.6,1.530482624911e-01,0,,1150,23381
238.7,1.523053542292e-01,0,,1155,23376
238.8,1.515744153674e-01,0,,1157,23374
238.9,1.508554636696e-01,0,,1156,23375
239.0,1.501485169071e-01,0,,1158,23373
239.1,1.494535928608e-01,0,,1155,23376
239.2,1.487707093192e-01,0,,1155,23376
239.3,1.480998840784e-01,0,,1152,23379
239.4,1.474411349443e-01,0,,1151,23380
239.5,1.467944797283e-01,0,,1146,23385
239.6,1.461599362514e-01,0,,1145,23386
239.7,1.455375223404e-01,0,,1147,23384
239.8,1.449272558330e-01,0,,1144,23387
239.9,1.443291545723e-01,0,,1150,23381
240.0,1.437432364100e-01,0,,1149,23382
240.1,1.431695192052e-01,0,,1150,23381
240.2,1.426080208247e-01,0,,1154,23377
240.3,1.420587591410e-01,0,,1153,23378
240.4,1.415217520360e-01,0,,1157,23374
240.5,1.409970173985e-01,0,,1157,23374
240.6,1.404845731232e-01,0,,1157,23374
240.7,1.399844371134e-01,0,,1156,23375
240.8,1.394966272788e-01,0,,1153,23378
240.9,1.390211615358e-01,0,,1155,23376
241.0,1.385580578086e-01,0,,1153,23378
241.1,1.381073340274e-01,0,,1148,23383
241.2,1.376690081294e-01,0,,1145,23386
241.3,1.372430980585e-01,0,,1144,23387
241.4,1.368296217644e-01,0,,1142,23389
241.5,1.364285972047e-01,0,,1145,23386
241.6,1.360400423429e-01,0,,1148,23383
241.7,1.356639751488e-01,0,,1150,23381
241.8,1.353004135987e-01,0,,1151,23380
241.9,1.349493756741e-01,0,,1151,23380
242.0,1.346108793639e-01,0,,1153,23378
242.1,1.342849426625e-01,0,,1157,23374
242.2,1.339715835705e-01,0,,1155,23376
242.3,1.336708200937e-01,0,,1157,23374
242.4,1.333826702438e-01,0,,1153,23378
242.5,1.331071520401e-01,0,,1154,23377
242.6,1.328442835047e-01,0,,1151,23380
242.7,1.325940826674e-01,0,,1150,23381
242.8,1.323565675622e-01,0,,1146,23385
242.9,1.321317562294e-01,0,,1143,23388
243.0,1.319196667135e-01,0,,1144,23387
243.1,1.317203170653e-01,0,,1142,23389
243.2,1.315337253405e-01,0,,1146,23385
243.3,1.313599095996e-01,0,,1147,23384
243.4,1.311988879083e-01,0,,1150,23381
243.5,1.310506783371e-01,0,,1152,23379
243.6,1.309152989611e-01,0,,1152,23379
243.7,1.307927678602e-01,0,,1155,23376
243.8,1.306831031197e-01,0,,1155,23376
243.9,1.305863228278e-01,0,,1153,23378
244.0,1.305024450778e-01,0,,1154,23377
244.1,1.304314879690e-01,0,,1150,23381
244.2,1.303734696024e-01,0,,1152,23379
244.3,1.303284080850e-01,0,,1152,23379
244.4,1.302963215271e-01,0,,1148,23383
244.5,1.302772280430e-01,0,,1145,23386
244.6,1.302711457512e-01,0,,1143,23388
244.7,1.302780927738e-01,0,,1143,23388
244.8,1.302980872367e-01,0,,1145,23386
244.9,1.303311472694e-01,0,,1148,23383
245.0,1.303772910049e-01,0,,1150,23381
245.1,1.304365365797e-01,0,,1152,23379
245.2,1.305089021336e-01,0,,1152,23379
245.3,1.305944058095e-01,0,,1152,23379
245.4,1.306930657539e-01,0,,1155,23376
245.5,1.308049001159e-01,0,,1155,23376
245.6,1.309299270470e-01,0,,1158,23373
245.7,1.310681647036e-01,0,,1154,23377
245.8,1.312196312424e-01,0,,1152,23379
245.9,1.313843448244e-01,0,,1150,23381
246.0,1.315623236123e-01,0,,1151,23380
246.1,1.317535857720e-01,0,,1146,23385
246.2,1.319581494707e-01,0,,1144,23387
246.3,1.321312207826e-01,0,,1144,23387
246.4,1.318959937194e-01,0,,1143,23388
246.5,1.316735604537e-01,0,,1146,23385
246.6,1.314639392244e-01,0,,1148,23383
246.7,1.312671482758e-01,0,,1150,23381
246.8,1.310832058573e-01,0,,1151,23380
246.9,1.309121302233e-01,0,,1152,23379
247.0,1.307539396334e-01,0,,1156,23375
247.1,1.306086523522e-01,0,,1157,23374
247.2,1.304762866486e-01,0,,1154,23377
247.3,1.303568607970e-01,0,,1157,23374
247.4,1.302503930760e-01,0,,1152,23379
247.5,1.301569017688e-01,0,,1154,23377
247.6,1.300764051635e-01,0,,1151,23380
247.7,1.300089215522e-01,0,,1150,23381
247.8,1.299544692314e-01,0,,1145,23386
247.9,1.299130665019e-01,0,,1142,23389
248.0,1.298847316684e-01,0,,1143,23388
248.1,1.298694830400e-01,0,,1145,23386
248.2,1.298673389295e-01,0,,1147,23384
248.3,1.298783176535e-01,0,,1147,23384
248.4,1.299024375324e-01,0,,1154,23377
248.5,1.299397168904e-01,0,,1154,23377
248.6,1.299901740552e-01,0,,1155,23376
248.7,1.300538273571e-01,0,,1158,23373
248.8,1.301306951320e-01,0,,1158,23373
248.9,1.302207957165e-01,0,,1161,23370
249.0,1.303241474519e-01,0,,1159,23372
249.1,1.304407686819e-01,0,,1154,23377
249.2,1.305706777538e-01,0,,1155,23376
249.3,1.307138930170e-01,0,,1156,23375
249.4,1.308704328246e-01,0,,1152,23379
249.5,1.310403155313e-01,0,,1148,23383
249.6,1.312235594953e-01,0,,1146,23385
249.7,1.314201830769e-01,0,,1146,23385
249.8,1.316302046388e-01,0,,1147,23384
249.9,1.318536425458e-01,0,,1150,23381
250.0,1.320905151648e-01,0,,1154,23377
250.1,1.323408408651e-01,0,,1155,23376
250.2,1.326046380180e-01,0,,1157,23374
250.3,1.328819249954e-01,0,,1160,23371
250.4,1.331727201733e-01,0,,1161,23370
250.5,1.334770419276e-01,0,,1159,23372
250.6,1.337949086360e-01,0,,1164,23367
250.7,1.341263386775e-01,0,,1157,23374
250.8,1.344713504332e-01,0,,1159,23372
250.9,1.348299622842e-01,0,,1156,23375
251.0,1.352021926136e-01,0,,1152,23379
251.1,1.355880598051e-01,0,,1147,23384
251.2,1.359875822437e-01,0,,1144,23387
251.3,1.364007783151e-01,0,,1147,23384
251.4,1.368276664053e-01,0,,1147,23384
251.5,1.372682649008e-01,0,,1150,23381
251.6,1.377225921888e-01,0,,1150,23381
251.7,1.381906666561e-01,0,,1156,23375
251.8,1.386725066902e-01,0,,1158,23373
251.9,1.391681306800e-01,0,,1158,23373
252.0,1.396775570117e-01,0,,1159,23372
252.1,1.402008040734e-01,0,,1159,23372
252.2,1.407378902526e-01,0,,1161,23370
252.3,1.412888339358e-01,0,,1160,23371
252.4,1.418536535088e-01,0,,1155,23376
252.5,1.424323673578e-01,0,,1157,23374
252.6,1.430249938675e-01,0,,1156,23375
252.7,1.436315514222e-01,0,,1151,23380
252.8,1.442520584040e-01,0,,1149,23382
252.9,1.448865331967e-01,0,,1149,23382
253.0,1.455349941799e-01,0,,1148,23383
253.1,1.461974597341e-01,0,,1153,23378
253.2,1.468739482365e-01,0,,1154,23377
253.3,1.475644780623e-01,0,,1157,23374
253.4,1.482690675875e-01,0,,1160,23371
253.5,1.489877351846e-01,0,,1160,23371
253.6,1.497204992237e-01,0,,1162,23369
253.7,1.504673780741e-01,0,,1163,23368
253.8,1.512283901029e-01,0,,1162,23369
253.9,1.520035536734e-01,0,,1166,23365
254.0,1.527928871469e-01,0,,1161,23370
254.1,1.535964088829e-01,0,,1162,23369
254.2,1.544141372381e-01,0,,1159,23372
254.3,1.546687347883e-01,0,,1156,23375
254.4,1.545844585170e-01,0,,1151,23380
254.5,1.545131314318e-01,0,,1149,23382
254.6,1.544547716760e-01,0,,1153,23378
254.7,1.544093973967e-01,0,,1150,23381
254.8,1.543770267451e-01,0,,1156,23375
254.9,1.543576778759e-01,0,,1155,23376
255.0,1.543513689477e-01,0,,1158,23373
255.1,1.543581181225e-01,0,,1162,23369
255.2,1.543779435661e-01,0,,1162,23369
255.3,1.544108634468e-01,0,,1163,23368
255.4,1.544568959380e-01,0,,1164,23367
255.5,1.539115674558e-01,0,,1163,23368
255.6,1.530246263534e-01,0,,1163,23368
255.7,1.521511624236e-01,0,,1158,23373
255.8,1.512911977032e-01,0,,1161,23370
255.9,1.504447542437e-01,0,,1160,23371
256.0,1.496118541069e-01,0,,1153,23378
256.1,1.487925193683e-01,0,,1152,23379
256.2,1.479867721142e-01,0,,1151,23380
256.3,1.471946344424e-01,0,,1150,23381
256.4,1.464161284614e-01,0,,1152,23379
256.5,1.456512762931e-01,0,,1156,23375
256.6,1.449001000709e-01,0,,1158,23373
256.7,1.441626219385e-01,0,,1164,23367
256.8,1.434388640506e-01,0,,1162,23369
256.9,1.427288485743e-01,0,,1163,23368
257.0,1.420325976860e-01,0,,1165,23366
257.1,1.413501335747e-01,0,,1164,23367
257.2,1.406814784391e-01,0,,1169,23362
257.3,1.400266544895e-01,0,,1164,23367
257.4,1.393856839461e-01,0,,1165,23366
257.5,1.387585890402e-01,0,,1164,23367
257.6,1.381453920131e-01,0,,1163,23368
257.7,1.375461151158e-01,0,,1157,23374
257.8,1.369607806117e-01,0,,1154,23377
257.9,1.363894107717e-01,0,,1157,23374
258.0,1.358320278786e-01,0,,1154,23377
258.1,1.352886542237e-01,0,,1158,23373
258.2,1.347593121092e-01,0,,1160,23371
258.3,1.342440238468e-01,0,,1164,23367
258.4,1.337428117573e-01,0,,1167,23364
258.5,1.332556981710e-01,0,,1165,23366
258.6,1.327827054280e-01,0,,1166,23365
258.7,1.323238558771e-01,0,,1167,23364
258.8,1.318791718765e-01,0,,1166,23365
258.9,1.314486757936e-01,0,,1167,23364
259.0,1.310323900048e-01,0,,1163,23368
259.1,1.306303368938e-01,0,,1166,23365
259.2,1.302425388556e-01,0,,1163,23368
259.3,1.298690182911e-01,0,,1158,23373
259.4,1.295097976114e-01,0,,1156,23375
259.5,1.291648992357e-01,0,,1154,23377
259.6,1.288343455904e-01,0,,1153,23378
259.7,1.285181591105e-01,0,,1155,23376
259.8,1.282163622392e-01,0,,1158,23373
259.9,1.279289774281e-01,0,,1160,23371
260.0,1.276560271352e-01,0,,1166,23365
260.1,1.273975338269e-01,0,,1165,23366
260.2,1.271535199770e-01,0,,1164,23367
260.3,1.269240080664e-01,0,,1165,23366
260.4,1.267090205836e-01,0,,1165,23366
260.5,1.265085800234e-01,0,,1169,23362
260.6,1.263227088893e-01,0,,1167,23364
260.7,1.261514296895e-01,0,,1164,23367
260.8,1.259947649404e-01,0,,1164,23367
260.9,1.258527371643e-01,0,,1165,23366
261.0,1.257253688902e-01,0,,1160,23371
261.1,1.256126826535e-01,0,,1155,23376
261.2,1.255147009957e-01,0,,1156,23375
261.3,1.254314464644e-01,0,,1155,23376
261.4,1.253629416131e-01,0,,1158,23373
261.5,1.253092090012e-01,0,,1161,23370
261.6,1.252702711936e-01,0,,1166,23365
261.7,1.252461507608e-01,0,,1168,23363
261.8,1.252368702790e-01,0,,1168,23363
261.9,1.252424523286e-01,0,,1169,23362
262.0,1.252629194972e-01,0,,1171,23360
262.1,1.252982943751e-01,0,,1169,23362
262.2,1.253485995589e-01,0,,1173,23358
262.3,1.254138576491e-01,0,,1167,23364
262.4,1.254940912515e-01,0,,1170,23361
262.5,1.255893229757e-01,0,,1166,23365
262.6,1.256995754359e-01,0,,1163,23368
262.7,1.258248712509e-01,0,,1158,23373
262.8,1.259652330421e-01,0,,1155,23376
262.9,1.261206834358e-01,0,,1157,23374
263.0,1.262912450620e-01,0,,1158,23373
263.1,1.264769405541e-01,0,,1161,23370
263.2,1.266777925488e-01,0,,1161,23370
263.3,1.268938236855e-01,0,,1168,23363
263.4,1.271250566088e-01,0,,1168,23363
263.5,1.272725114323e-01,0,,1167,23364
263.6,1.270099324237e-01,0,,1168,23363
263.7,1.267619285079e-01,0,,1168,23363
263.8,1.265285224098e-01,0,,1172,23359
263.9,1.263097368622e-01,0,,1169,23362
264.0,1.261055946052e-01,0,,1165,23366
264.1,1.259161183855e-01,0,,1166,23365
264.2,1.257413309571e-01,0,,1166,23365
264.3,1.255812550808e-01,0,,1160,23371
264.4,1.254359135243e-01,0,,1157,23374
264.5,1.253053290616e-01,0,,1157,23374
264.6,1.251895244737e-01,0,,1156,23375
264.7,1.250885225465e-01,0,,1158,23373
264.8,1.250023460742e-01,0,,1161,23370
264.9,1.249310178556e-01,0,,1164,23367
265.0,1.248745606957e-01,0,,1166,23365
265.1,1.248329974055e-01,0,,1166,23365
265.2,1.248063508015e-01,0,,1167,23364
265.3,1.247946437056e-01,0,,1169,23362
265.4,1.247978989455e-01,0,,1168,23363
265.5,1.248161393535e-01,0,,1173,23358
265.6,1.248493877675e-01,0,,1167,23364
265.7,1.248976670302e-01,0,,1170,23361
265.8,1.249609999890e-01,0,,1168,23363
265.9,1.250394094962e-01,0,,1164,23367
266.0,1.251329184083e-01,0,,1158,23373
266.1,1.252415495867e-01,0,,1156,23375
266.2,1.253653258960e-01,0,,1161,23370
266.3,1.255042702059e-01,0,,1159,23372
266.4,1.256584053896e-01,0,,1163,23368
266.5,1.258277543243e-01,0,,1164,23367
266.6,1.260123398904e-01,0,,1168,23363
266.7,1.262121849727e-01,0,,1170,23361
266.8,1.264273124583e-01,0,,1167,23364
266.9,1.266577452377e-01,0,,1169,23362
267.0,1.269035062049e-01,0,,1168,23363
267.1,1.271646182565e-01,0,,1170,23361
267.2,1.274411042918e-01,0,,1170,23361
267.3,1.277329872125e-01,0,,1166,23365
267.4,1.280402899222e-01,0,,1171,23360
267.5,1.283630353285e-01,0,,1167,23364
267.6,1.287012463402e-01,0,,1161,23370
267.7,1.290549458673e-01,0,,1159,23372
267.8,1.294241568223e-01,0,,1159,23372
267.9,1.298089021182e-01,0,,1158,23373
268.0,1.302092046715e-01,0,,1162,23369
268.1,1.306250873984e-01,0,,1164,23367
268.2,1.310565732161e-01,0,,1165,23366
268.3,1.315036850439e-01,0,,1168,23363
268.4,1.319664458015e-01,0,,1167,23364
268.5,1.324448784084e-01,0,,1166,23365
268.6,1.329390057860e-01,0,,1169,23362
268.7,1.334488508534e-01,0,,1168,23363
268.8,1.339744365331e-01,0,,1174,23357
268.9,1.345157857447e-01,0,,1168,23363
269.0,1.350729214098e-01,0,,1171,23360
269.1,1.356458664477e-01,0,,1168,23363
269.2,1.362346437793e-01,0,,1165,23366
269.3,1.368392763226e-01,0,,1161,23370
269.4,1.374597869954e-01,0,,1158,23373
269.5,1.380961987139e-01,0,,1162,23369
269.6,1.387485343940e-01,0,,1160,23371
269.7,1.394168169502e-01,0,,1165,23366
269.8,1.401010692941e-01,0,,1163,23368
269.9,1.408013143358e-01,0,,1168,23363
270.0,1.415175749849e-01,0,,1171,23360
270.1,1.422498741475e-01,0,,1169,23362
270.2,1.429982347265e-01,0,,1170,23361
270.3,1.437626796237e-01,0,,1173,23358
270.4,1.445432317376e-01,0,,1172,23359
270.5,1.453399139631e-01,0,,1173,23358
270.6,1.461527491926e-01,0,,1168,23363
270.7,1.469817603155e-01,0,,1172,23359
270.8,1.478269702176e-01,0,,1170,23361
270.9,1.486884017808e-01,0,,1163,23368
271.0,1.495660778828e-01,0,,1162,23369
271.1,1.504600213969e-01,0,,1162,23369
271.2,1.505784661672e-01,0,,1160,23371
271.3,1.506892295295e-01,0,,1162,23369
271.4,1.506598311589e-01,0,,1165,23366
271.5,1.505535942503e-01,0,,1166,23365
271.6,1.504621016827e-01,0,,1172,23359
271.7,1.503853760453e-01,0,,1171,23360
271.8,1.503234399326e-01,0,,1169,23362
271.9,1.502763159447e-01,0,,1171,23360
272.0,1.502440266870e-01,0,,1172,23359
272.1,1.502265947699e-01,0,,1177,23354
272.2,1.498576638815e-01,0,,1172,23359
272.3,1.488860793036e-01,0,,1171,23360
272.4,1.479298903682e-01,0,,1171,23360
272.5,1.469891247684e-01,0,,1169,23362
272.6,1.460638102207e-01,0,,1164,23367
272.7,1.451539744560e-01,0,,1161,23370
272.8,1.442596452229e-01,0,,1162,23369
272.9,1.433808502850e-01,0,,1162,23369
273.0,1.425176174234e-01,0,,1165,23366
273.1,1.416699744365e-01,0,,1165,23366
273.2,1.408379491377e-01,0,,1170,23361
273.3,1.400215693578e-01,0,,1170,23361
273.4,1.392208629411e-01,0,,1170,23361
273.5,1.384358577508e-01,0,,1170,23361
273.6,1.376665816636e-01,0,,1172,23359
273.7,1.369130625731e-01,0,,1170,23361
273.8,1.361753283879e-01,0,,1172,23359
273.9,1.354534070318e-01,0,,1169,23362
274.0,1.347473264432e-01,0,,1172,23359
274.1,1.340571145763e-01,0,,1170,23361
274.2,1.333827993984e-01,0,,1166,23365
274.3,1.327244088934e-01,0,,1162,23369
274.4,1.320819710590e-01,0,,1160,23371
274.5,1.314555139082e-01,0,,1163,23368
274.6,1.308450654650e-01,0,,1165,23366
274.7,1.302506537704e-01,0,,1166,23365
274.8,1.296723068790e-01,0,,1165,23366
274.9,1.291100528573e-01,0,,1173,23358
275.0,1.285639197863e-01,0,,1172,23359
275.1,1.280339357622e-01,0,,1170,23361
275.2,1.275201288904e-01,0,,1171,23360
275.3,1.270225272926e-01,0,,1171,23360
275.4,1.265411591022e-01,0,,1174,23357
275.5,1.260760524658e-01,0,,1172,23359
275.6,1.256272355411e-01,0,,1167,23364
275.7,1.251947365002e-01,0,,1170,23361
275.8,1.247785835250e-01,0,,1170,23361
275.9,1.243788048111e-01,0,,1164,23367
276.0,1.239954285656e-01,0,,1161,23370
276.1,1.236284830073e-01,0,,1161,23370
276.2,1.232779963667e-01,0,,1162,23369
276.3,1.229439968832e-01,0,,1164,23367
276.4,1.226265128106e-01,0,,1164,23367
276.5,1.223255724123e-01,0,,1168,23363
276.6,1.220412039618e-01,0,,1170,23361
276.7,1.217734357439e-01,0,,1171,23360
276.8,1.215222960539e-01,0,,1170,23361
276.9,1.212878131962e-01,0,,1172,23359
277.0,1.210700154865e-01,0,,1171,23360
277.1,1.208689312495e-01,0,,1176,23355
277.2,1.206845888200e-01,0,,1170,23361
277.3,1.205170165416e-01,0,,1173,23358
277.4,1.203662427678e-01,0,,1171,23360
277.5,1.202322958599e-01,0,,1166,23365
277.6,1.201152041900e-01,0,,1161,23370
277.7,1.200149961371e-01,0,,1159,23372
277.8,1.199317000897e-01,0,,1164,23367
277.9,1.198653444437e-01,0,,1165,23366
278.0,1.198159576037e-01,0,,1168,23363
278.1,1.197835679818e-01,0,,1167,23364
278.2,1.197682039978e-01,0,,1173,23358
278.3,1.197698940790e-01,0,,1175,23356
278.4,1.197886666596e-01,0,,1172,23359
278.5,1.198245501813e-01,0,,1174,23357
278.6,1.198775730924e-01,0,,1175,23356
278.7,1.199477638469e-01,0,,1175,23356
278.8,1.200351509071e-01,0,,1175,23356
278.9,1.201397627396e-01,0,,1171,23360
279.0,1.202616278182e-01,0,,1176,23355
279.1,1.204007746212e-01,0,,1173,23358
279.2,1.205572316336e-01,0,,1168,23363
279.3,1.207310273451e-01,0,,1164,23367
279.4,1.209221902504e-01,0,,1164,23367
279.5,1.211307488488e-01,0,,1164,23367
279.6,1.213567316455e-01,0,,1169,23362
279.7,1.216001671488e-01,0,,1170,23361
279.8,1.218610838712e-01,0,,1171,23360
279.9,1.220436765885e-01,0,,1174,23357
280.0,1.217469150298e-01,0,,1172,23359
280.1,1.214668531068e-01,0,,1172,23359
280.2,1.212035194237e-01,0,,1175,23356
280.3,1.209569425958e-01,0,,1174,23357
280.4,1.207271512486e-01,0,,1179,23352
280.5,1.205141740177e-01,0,,1174,23357
280.6,1.203180395481e-01,0,,1175,23356
280.7,1.201387764950e-01,0,,1174,23357
280.8,1.199764135226e-01,0,,1170,23361
280.9,1.198309793049e-01,0,,1165,23366
281.0,1.197025025252e-01,0,,1163,23368
281.1,1.195910118746e-01,0,,1167,23364
281.2,1.194965360541e-01,0,,1166,23365
281.3,1.194191037727e-01,0,,1170,23361
281.4,1.193587437475e-01,0,,1167,23364
281.5,1.193154847040e-01,0,,1170,23361
281.6,1.192893553754e-01,0,,1173,23358
281.7,1.192803845027e-01,0,,1172,23359
281.8,1.192886008342e-01,0,,1172,23359
281.9,1.193140331255e-01,0,,1177,23354
282.0,1.193567101395e-01,0,,1176,23355
282.1,1.194166606455e-01,0,,1176,23355
282.2,1.194939134191e-01,0,,1173,23358
282.3,1.195884972443e-01,0,,1178,23353
282.4,1.197004409081e-01,0,,1176,23355
282.5,1.198297732058e-01,0,,1170,23361
282.6,1.199765229377e-01,0,,1168,23363
282.7,1.201407189095e-01,0,,1168,23363
282.8,1.203223899321e-01,0,,1166,23365
282.9,1.205215648223e-01,0,,1169,23362
283.0,1.207382724007e-01,0,,1171,23360
283.1,1.209725414925e-01,0,,1172,23359
283.2,1.212244009283e-01,0,,1176,23355
283.3,1.214938795421e-01,0,,1173,23358
283.4,1.217810061709e-01,0,,1171,23360
283.5,1.220858096578e-01,0,,1176,23355
283.6,1.224083188470e-01,0,,1175,23356
283.7,1.227485625868e-01,0,,1179,23352
283.8,1.231065697282e-01,0,,1176,23355
283.9,1.234823691255e-01,0,,1176,23355
284.0,1.238759896346e-01,0,,1178,23353
284.1,1.242874601150e-01,0,,1175,23356
284.2,1.247168094266e-01,0,,1171,23360
284.3,1.251640664317e-01,0,,1168,23363
284.4,1.256292599940e-01,0,,1167,23364
284.5,1.261124189775e-01,0,,1167,23364
284.6,1.266135722503e-01,0,,1169,23362
284.7,1.271327486774e-01,0,,1168,23363
284.8,1.276699771263e-01,0,,1173,23358
284.9,1.282252864641e-01,0,,1173,23358
285.0,1.287987055584e-01,0,,1174,23357
285.1,1.293902632767e-01,0,,1174,23357
285.2,1.299999884844e-01,0,,1178,23353
285.3,1.306279100471e-01,0,,1175,23356
285.4,1.312740568284e-01,0,,1176,23355
285.5,1.319384576924e-01,0,,1175,23356
285.6,1.326211414992e-01,0,,1178,23353
285.7,1.333221371104e-01,0,,1178,23353
285.8,1.340414733814e-01,0,,1173,23358
285.9,1.347791791677e-01,0,,1171,23360
286.0,1.355352833208e-01,0,,1169,23362
286.1,1.363098146885e-01,0,,1171,23360
286.2,1.371028021186e-01,0,,1174,23357
286.3,1.379142744520e-01,0,,1175,23356
286.4,1.387442605259e-01,0,,1173,23358
286.5,1.395927891760e-01,0,,1182,23349
286.6,1.404598892307e-01,0,,1180,23351
286.7,1.413455895153e-01,0,,1178,23353
286.8,1.422499188493e-01,0,,1179,23352
286.9,1.431729060471e-01,0,,1181,23350
287.0,1.441145799169e-01,0,,1183,23348
287.1,1.450749692614e-01,0,,1181,23350
287.2,1.458059415529e-01,0,,1178,23353
287.3,1.458673999799e-01,0,,1181,23350
287.4,1.459460710967e-01,0,,1181,23350
287.5,1.460419833984e-01,0,,1176,23355
287.6,1.461551653857e-01,0,,1174,23357
287.7,1.462856455641e-01,0,,1174,23357
287.8,1.462018409101e-01,0,,1173,23358
287.9,1.460830678039e-01,0,,1176,23355
288.0,1.459812048686e-01,0,,1175,23356
288.1,1.455870178323e-01,0,,1181,23350
288.2,1.445159011591e-01,0,,1181,23350
288.3,1.434624773865e-01,0,,1180,23351
288.4,1.424267817085e-01,0,,1179,23352
288.5,1.414088493412e-01,0,,1183,23348
288.6,1.404087155270e-01,0,,1181,23350
288.7,1.394264155324e-01,0,,1185,23346
288.8,1.384619846467e-01,0,,1180,23351
288.9,1.375154581837e-01,0,,1183,23348
289.0,1.365868714808e-01,0,,1183,23348
289.1,1.356762598983e-01,0,,1178,23353
289.2,1.347836588203e-01,0,,1175,23356
289.3,1.339091036539e-01,0,,1173,23358
289.4,1.330526298301e-01,0,,1174,23357
289.5,1.322142727987e-01,0,,1175,23356
289.6,1.313940680352e-01,0,,1178,23353
289.7,1.305920510371e-01,0,,1176,23355
289.8,1.298082573215e-01,0,,1182,23349
289.9,1.290427224288e-01,0,,1183,23348
290.0,1.282954819199e-01,0,,1180,23351
290.1,1.275665713778e-01,0,,1182,23349
290.2,1.268560264055e-01,0,,1185,23346
290.3,1.261638826277e-01,0,,1186,23345
290.4,1.254901756884e-01,0,,1185,23346
290.5,1.248349412519e-01,0,,1183,23348
290.6,1.241982150043e-01,0,,1186,23345
290.7,1.235800326477e-01,0,,1184,23347
290.8,1.229804299065e-01,0,,1180,23351
290.9,1.223994425238e-01,0,,1178,23353
291.0,1.218371062615e-01,0,,1176,23355
291.1,1.212934569007e-01,0,,1175,23356
291.2,1.207685302392e-01,0,,1179,23352
291.3,1.202623620944e-01,0,,1180,23351
291.4,1.197749883021e-01,0,,1180,23351
291.5,1.193064447140e-01,0,,1183,23348
291.6,1.188567672006e-01,0,,1181,23350
291.7,1.184259916491e-01,0,,1180,23351
291.8,1.180141539629e-01,0,,1184,23347
291.9,1.176212900630e-01,0,,1184,23347
292.0,1.172474358866e-01,0,,1189,23342
292.1,1.168926273866e-01,0,,1183,23348
292.2,1.165569005308e-01,0,,1185,23346
292.3,1.162402913042e-01,0,,1184,23347
292.4,1.159428357057e-01,0,,1180,23351
292.5,1.156645697496e-01,0,,1177,23354
292.6,1.154055294648e-01,0,,1175,23356
292.7,1.151657508948e-01,0,,1176,23355
292.8,1.149452700963e-01,0,,1174,23357
292.9,1.147441231405e-01,0,,1180,23351
293.0,1.145623461119e-01,0,,1177,23354
293.1,1.143999751086e-01,0,,1181,23350
293.2,1.142570462397e-01,0,,1183,23348
293.3,1.141335956294e-01,0,,1181,23350
293.4,1.140296594125e-01,0,,1181,23350
293.5,1.139452737362e-01,0,,1187,23344
293.6,1.138804747596e-01,0,,1186,23345
293.7,1.138352986528e-01,0,,1185,23346
293.8,1.138097815970e-01,0,,1184,23347
293.9,1.138039597840e-01,0,,1186,23345
294.0,1.138178694163e-01,0,,1185,23346
294.1,1.138515467062e-01,0,,1179,23352
294.2,1.139050278753e-01,0,,1178,23353
294.3,1.139783491563e-01,0,,1179,23352
294.4,1.140715467885e-01,0,,1176,23355
294.5,1.141846570220e-01,0,,1178,23353
294.6,1.143177161144e-01,0,,1181,23350
294.7,1.144707603314e-01,0,,1181,23350
294.8,1.146438259471e-01,0,,1186,23345
294.9,1.148369492420e-01,0,,1184,23347
295.0,1.150501665044e-01,0,,1178,23353
295.1,1.152835140295e-01,0,,1183,23348
295.2,1.155370281183e-01,0,,1183,23348
295.3,1.158107450774e-01,0,,1187,23344
295.4,1.161047012204e-01,0,,1184,23347
295.5,1.164087342909e-01,0,,1185,23346
295.6,1.160688765543e-01,0,,1185,23346
295.7,1.157482720040e-01,0,,1183,23348
295.8,1.154469570483e-01,0,,1179,23352
295.9,1.151649681115e-01,0,,1178,23353
296.0,1.149023416324e-01,0,,1176,23355
296.1,1.146591140644e-01,0,,1175,23356
296.2,1.144353218750e-01,0,,1178,23353
296.3,1.142310015455e-01,0,,1178,23353
296.4,1.140461895718e-01,0,,1184,23347
296.5,1.138809224630e-01,0,,1183,23348
296.6,1.137352367400e-01,0,,1183,23348
296.7,1.136091689379e-01,0,,1182,23349
296.8,1.135027556037e-01,0,,1186,23345
296.9,1.134160332968e-01,0,,1184,23347
297.0,1.133490385883e-01,0,,1185,23346
297.1,1.133018080609e-01,0,,1183,23348
297.2,1.132743783086e-01,0,,1184,23347
297.3,1.132667859356e-01,0,,1182,23349
297.4,1.132790675578e-01,0,,1179,23352
297.5,1.133112598007e-01,0,,1177,23354
297.6,1.133633992997e-01,0,,1177,23354
297.7,1.134355226997e-01,0,,1178,23353
297.8,1.135276666554e-01,0,,1179,23352
297.9,1.136398678300e-01,0,,1182,23349
298.0,1.137721628950e-01,0,,1181,23350
298.1,1.139245885310e-01,0,,1189,23342
298.2,1.140971814258e-01,0,,1186,23345
298.3,1.142899782740e-01,0,,1184,23347
298.4,1.145030157798e-01,0,,1185,23346
298.5,1.147363306520e-01,0,,1187,23344
298.6,1.149899596065e-01,0,,1189,23342
298.7,1.152639393658e-01,0,,1188,23343
298.8,1.155583066579e-01,0,,1183,23348
298.9,1.158730982162e-01,0,,1184,23347
299.0,1.162083507789e-01,0,,1183,23348
299.1,1.165641010894e-01,0,,1179,23352
299.2,1.169403858947e-01,0,,1178,23353
299.3,1.173372419471e-01,0,,1176,23355
299.4,1.177547060005e-01,0,,1176,23355
299.5,1.181928148140e-01,0,,1177,23354
299.6,1.186516051481e-01,0,,1179,23352
299.7,1.191311137659e-01,0,,1184,23347
299.8,1.196313774333e-01,0,,1184,23347
299.9,1.201524329177e-01,0,,1185,23346
300.0,1.206943169864e-01,0,,1182,23349
300.1,1.212570664101e-01,0,,1186,23345
300.2,1.218407179570e-01,0,,1186,23345
300.3,1.224453083980e-01,0,,1189,23342
300.4,1.230708745016e-01,0,,1184,23347
300.5,1.237174530373e-01,0,,1185,23346
300.6,1.243850807724e-01,0,,1183,23348
300.7,1.250737944724e-01,0,,1178,23353
300.8,1.257836309022e-01,0,,1177,23354
300.9,1.265146268233e-01,0,,1177,23354
301.0,1.272668189929e-01,0,,1177,23354
301.1,1.280402441693e-01,0,,1177,23354
301.2,1.288349391024e-01,0,,1181,23350
301.3,1.296509405407e-01,0,,1180,23351
301.4,1.304882852278e-01,0,,1188,23343
301.5,1.313470099010e-01,0,,1188,23343
301.6,1.322271512935e-01,0,,1185,23346
301.7,1.331287461337e-01,0,,1185,23346
301.8,1.340518311415e-01,0,,1188,23343
301.9,1.349964430302e-01,0,,1189,23342
302.0,1.359626185079e-01,0,,1189,23342
302.1,1.369503942730e-01,0,,1187,23344
302.2,1.379598070178e-01,0,,1188,23343
302.3,1.389908934234e-01,0,,1184,23347
302.4,1.400436901646e-01,0,,1180,23351
302.5,1.408034304704e-01,0,,1178,23353
302.6,1.408161699773e-01,0,,1177,23354
302.7,1.408487037583e-01,0,,1176,23355
302.8,1.409010680450e-01,0,,1180,23351
302.9,1.409732990773e-01,0,,1182,23349
303.0,1.410654331031e-01,0,,1185,23346
303.1,1.411775063788e-01,0,,1187,23344
303.2,1.410967447632e-01,0,,1185,23346
303.3,1.399075121792e-01,0,,1182,23349
303.4,1.387387457721e-01,0,,1187,23344
303.5,1.375904908035e-01,0,,1187,23344
303.6,1.364627925690e-01,0,,1192,23339
303.7,1.353556964008e-01,0,,1188,23343
303.8,1.342692476665e-01,0,,1187,23344
303.9,1.332034917692e-01,0,,1186,23345
304.0,1.321584741472e-01,0,,1182,23349
304.1,1.311342402722e-01,0,,1181,23350
304.2,1.301308356527e-01,0,,1179,23352
304.3,1.291483058296e-01,0,,1179,23352
304.4,1.281866963757e-01,0,,1177,23354
304.5,1.272460529002e-01,0,,1182,23349
304.6,1.263264210442e-01,0,,1179,23352
304.7,1.254278464816e-01,0,,1187,23344
304.8,1.245503749178e-01,0,,1187,23344
304.9,1.236940520902e-01,0,,1185,23346
305.0,1.228589237683e-01,0,,1184,23347
305.1,1.220450357526e-01,0,,1191,23340
305.2,1.212524338748e-01,0,,1190,23341
305.3,1.204811639963e-01,0,,1190,23341
305.4,1.197312720091e-01,0,,1189,23342
305.5,1.190028038350e-01,0,,1188,23343
305.6,1.182958054245e-01,0,,1187,23344
305.7,1.176103227575e-01,0,,1183,23348
305.8,1.169464018423e-01,0,,1182,23349
305.9,1.163040887165e-01,0,,1181,23350
306.0,1.156834294440e-01,0,,1180,23351
306.1,1.150844701158e-01,0,,1181,23350
306.2,1.145072568516e-01,0,,1183,23348
306.3,1.139518357969e-01,0,,1185,23346
306.4,1.134182531230e-01,0,,1190,23341
306.5,1.129065550276e-01,0,,1187,23344
306.6,1.124167877334e-01,0,,1184,23347
306.7,1.119489974875e-01,0,,1187,23344
306.8,1.115032305635e-01,0,,1189,23342
306.9,1.110795332568e-01,0,,1192,23339
307.0,1.106779518875e-01,0,,1192,23339
307.1,1.102985327994e-01,0,,1190,23341
307.2,1.099413223583e-01,0,,1188,23343
307.3,1.096063669529e-01,0,,1187,23344
307.4,1.092937129936e-01,0,,1183,23348
307.5,1.090034069125e-01,0,,1181,23350
307.6,1.087354951625e-01,0,,1179,23352
307.7,1.084900242179e-01,0,,1179,23352
307.8,1.082670405711e-01,0,,1183,23348
307.9,1.080665907363e-01,0,,1183,23348
308.0,1.078887212460e-01,0,,1191,23340
308.1,1.077334786517e-01,0,,1190,23341
308.2,1.076009095230e-01,0,,1189,23342
308.3,1.074910604473e-01,0,,1189,23342
308.4,1.074039780292e-01,0,,1191,23340
308.5,1.073397088902e-01,0,,1190,23341
308.6,1.072982996687e-01,0,,1194,23337
308.7,1.072797970179e-01,0,,1192,23339
308.8,1.072842476070e-01,0,,1191,23340
308.9,1.073116981200e-01,0,,1187,23344
309.0,1.073621952550e-01,0,,1184,23347
309.1,1.074357857241e-01,0,,1182,23349
309.2,1.075325162527e-01,0,,1181,23350
309.3,1.076524335790e-01,0,,1183,23348
309.4,1.077955844533e-01,0,,1183,23348
309.5,1.079620156381e-01,0,,1186,23345
309.6,1.081517739063e-01,0,,1185,23346
309.7,1.083649060424e-01,0,,1194,23337
309.8,1.086014588408e-01,0,,1192,23339
309.9,1.088614791045e-01,0,,1189,23342
310.0,1.091450136468e-01,0,,1188,23343
310.1,1.094521092890e-01,0,,1191,23340
310.2,1.097828128603e-01,0,,1192,23339
310.3,1.101371711971e-01,0,,1191,23340
310.4,1.099358688051e-01,0,,1190,23341
310.5,1.095635102663e-01,0,,1189,23342
310.6,1.092135467546e-01,0,,1188,23343
310.7,1.088860252068e-01,0,,1183,23348
310.8,1.085809925817e-01,0,,1184,23347
310.9,1.082984958600e-01,0,,1181,23350
311.0,1.080385820430e-01,0,,1181,23350
311.1,1.078012981520e-01,0,,1185,23346
311.2,1.075866912308e-01,0,,1186,23345
311.3,1.073948083411e-01,0,,1192,23339
311.4,1.072256965644e-01,0,,1191,23340
311.5,1.070794030012e-01,0,,1190,23341
311.6,1.069559747700e-01,0,,1187,23344
311.7,1.068554590074e-01,0,,1190,23341
311.8,1.067779028671e-01,0,,1190,23341
311.9,1.067233535200e-01,0,,1194,23337
312.0,1.066918581526e-01,0,,1190,23341
312.1,1.066834639682e-01,0,,1189,23342
312.2,1.066982181850e-01,0,,1188,23343
312.3,1.067361680357e-01,0,,1185,23346
312.4,1.067973607679e-01,0,,1184,23347
312.5,1.068818436424e-01,0,,1183,23348
312.6,1.069896639335e-01,0,,1185,23346
312.7,1.071208689288e-01,0,,1183,23348
312.8,1.072755059269e-01,0,,1188,23343
312.9,1.074536222392e-01,0,,1188,23343
313.0,1.076552651872e-01,0,,1193,23338
313.1,1.078804821042e-01,0,,1194,23337
313.2,1.081293203318e-01,0,,1191,23340
313.3,1.084018272226e-01,0,,1190,23341
313.4,1.086980501373e-01,0,,1193,23338
313.5,1.090180364450e-01,0,,1193,23338
313.6,1.093618335228e-01,0,,1192,23339
313.7,1.097294887555e-01,0,,1189,23342
313.8,1.101210495330e-01,0,,1190,23341
313.9,1.105365632518e-01,0,,1190,23341
314.0,1.109760773148e-01,0,,1184,23347
314.1,1.114396391286e-01,0,,1184,23347
314.2,1.119272961037e-01,0,,1185,23346
314.3,1.124390956567e-01,0,,1183,23348
314.4,1.129750852048e-01,0,,1187,23344
314.5,1.135353121673e-01,0,,1190,23341
314.6,1.141198239667e-01,0,,1194,23337
314.7,1.147286680266e-01,0,,1197,23334
314.8,1.153618917703e-01,0,,1193,23338
314.9,1.160195426213e-01,0,,1190,23341
315.0,1.167016680029e-01,0,,1193,23338
315.1,1.174083153361e-01,0,,1193,23338
315.2,1.181395320414e-01,0,,1197,23334
315.3,1.188953655338e-01,0,,1195,23336
315.4,1.196758632280e-01,0,,1194,23337
315.5,1.204810725327e-01,0,,1193,23338
315.6,1.213110408534e-01,0,,1191,23340
315.7,1.221658155887e-01,0,,1188,23343
315.8,1.230454441312e-01,0,,1188,23343
315.9,1.239499738689e-01,0,,1187,23344
316.0,1.248794521813e-01,0,,1188,23343
316.1,1.258339264387e-01,0,,1192,23339
316.2,1.268134440032e-01,0,,1193,23338
316.3,1.278180522272e-01,0,,1199,23332
316.4,1.288477984540e-01,0,,1198,23333
316.5,1.299027300150e-01,0,,1197,23334
316.6,1.309828942295e-01,0,,1195,23336
316.7,1.320883384059e-01,0,,1198,23333
316.8,1.332191098378e-01,0,,1197,23334
316.9,1.343752558058e-01,0,,1199,23332
317.0,1.354956826536e-01,0,,1196,23335
317.1,1.354400316397e-01,0,,1195,23336
317.2,1.354072813721e-01,0,,1193,23338
317.3,1.353974784757e-01,0,,1191,23340
317.4,1.354106695880e-01,0,,1190,23341
317.5,1.354469013598e-01,0,,1190,23341
317.6,1.350607247622e-01,0,,1191,23340
317.7,1.337537568613e-01,0,,1194,23337
317.8,1.324706917525e-01,0,,1196,23335
317.9,1.312115884797e-01,0,,1197,23334
318.0,1.299765061406e-01,0,,1202,23329
318.1,1.287655038867e-01,0,,1199,23332
318.2,1.275786409233e-01,0,,1197,23334
318.3,1.264159765065e-01,0,,1196,23335
318.4,1.252775699454e-01,0,,1199,23332
318.5,1.241634806018e-01,0,,1201,23330
318.6,1.230737678859e-01,0,,1200,23331
318.7,1.220084912614e-01,0,,1196,23335
318.8,1.209677102390e-01,0,,1197,23334
318.9,1.199514843804e-01,0,,1196,23335
319.0,1.189598732965e-01,0,,1191,23340
319.1,1.179929366452e-01,0,,1192,23339
319.2,1.170507341341e-01,0,,1190,23341
319.3,1.161333255129e-01,0,,1190,23341
319.4,1.152407705841e-01,0,,1196,23335
319.5,1.143731291932e-01,0,,1198,23333
319.6,1.135304612315e-01,0,,1201,23330
319.7,1.127128266348e-01,0,,1202,23329
319.8,1.119202853838e-01,0,,1201,23330
319.9,1.111528975015e-01,0,,1198,23333
320.0,1.104107230555e-01,0,,1200,23331
320.1,1.096938221555e-01,0,,1200,23331
320.2,1.090022549512e-01,0,,1205,23326
320.3,1.083360816356e-01,0,,1200,23331
320.4,1.076953624410e-01,0,,1199,23332
320.5,1.070801576405e-01,0,,1197,23334
320.6,1.064905275453e-01,0,,1192,23339
320.7,1.059265325064e-01,0,,1191,23340
320.8,1.053882329114e-01,0,,1189,23342
320.9,1.048756891863e-01,0,,1191,23340
321.0,1.043889617924e-01,0,,1191,23340
321.1,1.039281112284e-01,0,,1197,23334
321.2,1.034931980276e-01,0,,1195,23336
321.3,1.030842827573e-01,0,,1199,23332
321.4,1.027014260195e-01,0,,1202,23329
321.5,1.023446884488e-01,0,,1198,23333
321.6,1.020141307116e-01,0,,1196,23335
321.7,1.017098135075e-01,0,,1200,23331
321.8,1.014317975661e-01,0,,1201,23330
321.9,1.011801436475e-01,0,,1199,23332
322.0,1.009549125415e-01,0,,1199,23332
322.1,1.007561650655e-01,0,,1199,23332
322.2,1.005839620665e-01,0,,1197,23334
322.3,1.004383644177e-01,0,,1192,23339
322.4,1.003194330194e-01,0,,1193,23338
322.5,1.002272287972e-01,0,,1192,23339
322.6,1.001618127016e-01,0,,1190,23341
322.7,1.001232457076e-01,0,,1194,23337
322.8,1.001115888133e-01,0,,1197,23334
322.9,1.001269030393e-01,0,,1201,23330
323.0,1.001692494277e-01,0,,1202,23329
323.1,1.002386890427e-01,0,,1200,23331
323.2,1.003352829668e-01,0,,1197,23334
323.3,1.004590923029e-01,0,,1199,23332
323.4,1.006101781721e-01,0,,1200,23331
323.5,1.007886017128e-01,0,,1205,23326
323.6,1.009944240806e-01,0,,1200,23331
323.7,1.012277064465e-01,0,,1200,23331
323.8,1.014885099967e-01,0,,1200,23331
323.9,1.017768959312e-01,0,,1196,23335
324.0,1.020929254632e-01,0,,1193,23338
324.1,1.024366598183e-01,0,,1194,23337
324.2,1.028081602339e-01,0,,1191,23340
324.3,1.032074879582e-01,0,,1191,23340
324.4,1.033079464838e-01,0,,1197,23334
324.5,1.028688507746e-01,0,,1195,23336
324.6,1.024559496497e-01,0,,1200,23331
324.7,1.020693044200e-01,0,,1200,23331
324.8,1.017089764296e-01,0,,1199,23332
324.9,1.013750270561e-01,0,,1198,23333
325.0,1.010675177088e-01,0,,1201,23330
325.1,1.007865098284e-01,0,,1200,23331
325.2,1.005320648866e-01,0,,1200,23331
325.3,1.003042443855e-01,0,,1199,23332
325.4,1.001031098544e-01,0,,1198,23333
325.5,9.992872285304e-02,0,,1198,23333
325.6,9.978114496794e-02,0,,1193,23338
325.7,9.966043781257e-02,0,,1192,23339
325.8,9.956666302648e-02,0,,1192,23339
325.9,9.949988227404e-02,0,,1191,23340
326.0,9.946015724553e-02,0,,1194,23337
326.1,9.944754965281e-02,0,,1196,23335
326.2,9.946212123193e-02,0,,1197,23334
326.3,9.950393374057e-02,0,,1204,23327
326.4,9.957304895752e-02,0,,1202,23329
326.5,9.966952868207e-02,0,,1201,23330
326.6,9.979343473298e-02,0,,1201,23330
326.7,9.994482894684e-02,0,,1204,23327
326.8,1.001237731794e-01,0,,1206,23325
326.9,1.003303293022e-01,0,,1204,23327
327.0,1.005645592033e-01,0,,1200,23331
327.1,1.008265247860e-01,0,,1201,23330
327.2,1.011162879666e-01,0,,1198,23333
327.3,1.014339106764e-01,0,,1193,23338
327.4,1.017794548573e-01,0,,1194,23337
327.5,1.021529824639e-01,0,,1190,23341
327.6,1.025545554625e-01,0,,1190,23341
327.7,1.029842358266e-01,0,,1194,23337
327.8,1.034420855387e-01,0,,1197,23334
327.9,1.039281665906e-01,0,,1199,23332
328.0,1.044425409798e-01,0,,1200,23331
328.1,1.049852707083e-01,0,,1201,23330
328.2,1.055564177855e-01,0,,1199,23332
328.3,1.061560442228e-01,0,,1201,23330
328.4,1.067842120353e-01,0,,1203,23328
328.5,1.074409832388e-01,0,,1206,23325
328.6,1.081264198506e-01,0,,1200,23331
328.7,1.088405838876e-01,0,,1200,23331
328.8,1.095835373662e-01,0,,1198,23333
328.9,1.103553422987e-01,0,,1193,23338
329.0,1.111560606950e-01,0,,1192,23339
329.1,1.119857545603e-01,0,,1191,23340
329.2,1.128444858945e-01,0,,1191,23340
329.3,1.137323166926e-01,0,,1192,23339
329.4,1.146493089385e-01,0,,1197,23334
329.5,1.155955246082e-01,0,,1196,23335
329.6,1.165710256701e-01,0,,1200,23331
329.7,1.175758740787e-01,0,,1204,23327
329.8,1.186101317785e-01,0,,1202,23329
329.9,1.196738606985e-01,0,,1200,23331
330.0,1.207671227562e-01,0,,1204,23327
330.1,1.218899798503e-01,0,,1206,23325
330.2,1.230424938649e-01,0,,1205,23326
330.3,1.242247266653e-01,0,,1203,23328
330.4,1.254367400978e-01,0,,1203,23328
330.5,1.266785959877e-01,0,,1200,23331
330.6,1.279503561403e-01,0,,1194,23337
330.7,1.292520823371e-01,0,,1194,23337
330.8,1.297863430586e-01,0,,1193,23338
330.9,1.296620354061e-01,0,,1192,23339
331.0,1.295644542955e-01,0,,1196,23335
331.1,1.294936605433e-01,0,,1198,23333
331.2,1.285117941569e-01,0,,1202,23329
331.3,1.270654802397e-01,0,,1203,23328
331.4,1.256473197246e-01,0,,1202,23329
331.5,1.242573908112e-01,0,,1200,23331
331.6,1.228957717821e-01,0,,1202,23329
331.7,1.215625410000e-01,0,,1204,23327
331.8,1.202577769117e-01,0,,1209,23322
331.9,1.189815580418e-01,0,,1204,23327
332.0,1.177339629949e-01,0,,1203,23328
332.1,1.165150704530e-01,0,,1201,23330
332.2,1.153249591770e-01,0,,1198,23333
332.3,1.141637080041e-01,0,,1195,23336
332.4,1.130313958479e-01,0,,1196,23335
332.5,1.119281016952e-01,0,,1193,23338
332.6,1.108539046069e-01,0,,1193,23338
332.7,1.098088837189e-01,0,,1197,23334
332.8,1.087931182400e-01,0,,1197,23334
332.9,1.078066874457e-01,0,,1203,23328
333.0,1.068496706865e-01,0,,1204,23327
333.1,1.059221473796e-01,0,,1204,23327
333.2,1.050241970121e-01,0,,1203,23328
333.3,1.041558991381e-01,0,,1206,23325
333.4,1.033173333769e-01,0,,1206,23325
333.5,1.025085794157e-01,0,,1207,23324
333.6,1.017297170038e-01,0,,1205,23326
333.7,1.009808259552e-01,0,,1204,23327
333.8,1.002619861461e-01,0,,1201,23330
333.9,9.957327751428e-02,0,,1197,23334
334.0,9.891478005710e-02,0,,1195,23336
334.1,9.828657383244e-02,0,,1195,23336
334.2,9.768873895434e-02,0,,1194,23337
334.3,9.712135559561e-02,0,,1198,23333
334.4,9.658450398499e-02,0,,1199,23332
334.5,9.607826440558e-02,0,,1200,23331
334.6,9.560271719404e-02,0,,1207,23324
334.7,9.515794273990e-02,0,,1205,23326
334.8,9.474402148446e-02,0,,1204,23327
334.9,9.436103391935e-02,0,,1201,23330
335.0,9.400906058439e-02,0,,1207,23324
335.1,9.368818206851e-02,0,,1209,23322
335.2,9.339847900692e-02,0,,1207,23324
335.3,9.314003208003e-02,0,,1204,23327
335.4,9.291292201319e-02,0,,1204,23327
335.5,9.271722957451e-02,0,,1201,23330
335.6,9.255303557391e-02,0,,1198,23333
335.7,9.242042086240e-02,0,,1200,23331
335.8,9.231946632900e-02,0,,1196,23335
335.9,9.225025290194e-02,0,,1196,23335
336.0,9.221286154588e-02,0,,1200,23331
336.1,9.220737326062e-02,0,,1202,23329
336.2,9.223386908018e-02,0,,1206,23325
336.3,9.229243007123e-02,0,,1207,23324
336.4,9.238313733176e-02,0,,1206,23325
336.5,9.250607198960e-02,0,,1205,23326
336.6,9.266131520176e-02,0,,1205,23326
336.7,9.284894815175e-02,0,,1208,23323
336.8,9.306905204886e-02,0,,1213,23318
336.9,9.332170812726e-02,0,,1208,23323
337.0,9.360699764343e-02,0,,1207,23324
337.1,9.392500187544e-02,0,,1204,23327
337.2,9.427580212232e-02,0,,1199,23332
337.3,9.465947970004e-02,0,,1198,23333
337.4,9.507611594176e-02,0,,1197,23334
337.5,9.552579219665e-02,0,,1198,23333
337.6,9.600858982818e-02,0,,1197,23334
337.7,9.562275085745e-02,0,,1201,23330
337.8,9.512753104018e-02,0,,1200,23331
337.9,9.466328217389e-02,0,,1205,23326
338.0,9.423008561574e-02,0,,1207,23324
338.1,9.382802277330e-02,0,,1205,23326
338.2,9.345717510559e-02,0,,1204,23327
338.3,9.311762411981e-02,0,,1208,23323
338.4,9.280945137082e-02,0,,1209,23322
338.5,9.253273846188e-02,0,,1209,23322
338.6,9.228756703984e-02,0,,1207,23324
338.7,9.207401879645e-02,0,,1208,23323
338.8,9.189217546642e-02,0,,1203,23328
338.9,9.174211882553e-02,0,,1199,23332
339.0,9.162393069178e-02,0,,1200,23331
339.1,9.153769291887e-02,0,,1200,23331
339.2,9.148348740078e-02,0,,1196,23335
339.3,9.146139606720e-02,0,,1198,23333
339.4,9.147150088263e-02,0,,1201,23330
339.5,9.151388384502e-02,0,,1207,23324
339.6,9.158862698571e-02,0,,1211,23320
339.7,9.169581236503e-02,0,,1208,23323
339.8,9.183552207435e-02,0,,1206,23325
339.9,9.200783823225e-02,0,,1207,23324
340.0,9.221284298449e-02,0,,1210,23321
340.1,9.245061850131e-02,0,,1215,23316
340.2,9.272124697707e-02,0,,1213,23318
340.3,9.302481062805e-02,0,,1210,23321
340.4,9.336139169174e-02,0,,1206,23325
340.5,9.373107242430e-02,0,,1203,23328
340.6,9.413393510026e-02,0,,1201,23330
340.7,9.457006200855e-02,0,,1202,23329
340.8,9.503953545426e-02,0,,1198,23333
340.9,9.554243775584e-02,0,,1198,23333
341.0,9.607885124161e-02,0,,1201,23330
341.1,9.664885824980e-02,0,,1201,23330
341.2,9.725254112893e-02,0,,1208,23323
341.3,9.788998223092e-02,0,,1207,23324
341.4,9.856126391511e-02,0,,1206,23325
341.5,9.926646854266e-02,0,,1206,23325
341.6,1.000056784763e-01,0,,1208,23323
341.7,1.007789760799e-01,0,,1209,23322
341.8,1.015864437132e-01,0,,1214,23317
341.9,1.024281637335e-01,0,,1211,23320
342.0,1.033042184933e-01,0,,1210,23321
342.1,1.042146903376e-01,0,,1206,23325
342.2,1.051596616008e-01,0,,1204,23327
342.3,1.061392146085e-01,0,,1203,23328
342.4,1.071534316724e-01,0,,1202,23329
342.5,1.082023950905e-01,0,,1202,23329
342.6,1.092861871451e-01,0,,1205,23326
342.7,1.104048900980e-01,0,,1206,23325
342.8,1.115585861926e-01,0,,1207,23324
342.9,1.127473576511e-01,0,,1213,23318
343.0,1.139712866684e-01,0,,1211,23320
343.1,1.152304554184e-01,0,,1210,23321
343.2,1.165249460413e-01,0,,1209,23322
343.3,1.178548406537e-01,0,,1215,23316
343.4,1.192202213352e-01,0,,1216,23315
343.5,1.206211701325e-01,0,,1215,23316
343.6,1.220577690601e-01,0,,1213,23318
343.7,1.235301000890e-01,0,,1212,23319
343.8,1.237046528926e-01,0,,1211,23320
343.9,1.230327784523e-01,0,,1208,23323
344.0,1.213863666994e-01,0,,1206,23325
344.1,1.197733236637e-01,0,,1204,23327
344.2,1.181937545542e-01,0,,1203,23328
344.3,1.166477647170e-01,0,,1208,23323
344.4,1.151354596262e-01,0,,1209,23322
344.5,1.136569448811e-01,0,,1213,23318
344.6,1.122123262109e-01,0,,1212,23319
344.7,1.108017094689e-01,0,,1210,23321
344.8,1.094252006329e-01,0,,1210,23321
344.9,1.080829058033e-01,0,,1212,23319
345.0,1.067749312012e-01,0,,1215,23316
345.1,1.055013831681e-01,0,,1220,23311
345.2,1.042623681648e-01,0,,1216,23315
345.3,1.030579927655e-01,0,,1215,23316
345.4,1.018883636625e-01,0,,1214,23317
345.5,1.007535876620e-01,0,,1209,23322
345.6,9.965377168109e-02,0,,1207,23324
345.7,9.858902274766e-02,0,,1206,23325
345.8,9.755944800029e-02,0,,1207,23324
345.9,9.656515468158e-02,0,,1206,23325
346.0,9.560625014372e-02,0,,1211,23320
346.1,9.468284184123e-02,0,,1209,23322
346.2,9.379503733038e-02,0,,1214,23317
346.3,9.294294427029e-02,0,,1214,23317
346.4,9.212667041675e-02,0,,1213,23318
346.5,9.134632362502e-02,0,,1213,23318
346.6,9.060201184486e-02,0,,1217,23314
346.7,8.989384311944e-02,0,,1216,23315
346.8,8.922192558514e-02,0,,1218,23313
346.9,8.858636746704e-02,0,,1218,23313
347.0,8.798727707985e-02,0,,1216,23315
347.1,8.742476282369e-02,0,,1214,23317
347.2,8.689893318438e-02,0,,1210,23321
347.3,8.640989672877e-02,0,,1209,23322
347.4,8.595776210577e-02,0,,1209,23322
347.5,8.554263804188e-02,0,,1206,23325
347.6,8.516463334135e-02,0,,1208,23323
347.7,8.482385688240e-02,0,,1210,23321
347.8,8.452041761636e-02,0,,1213,23318
347.9,8.425442456472e-02,0,,1218,23313
348.0,8.402598681772e-02,0,,1215,23316
348.1,8.383521353187e-02,0,,1214,23317
348.2,8.368221392809e-02,0,,1213,23318
348.3,8.356709728909e-02,0,,1218,23313
348.4,8.348997295771e-02,0,,1220,23311
348.5,8.345095033477e-02,0,,1221,23310
348.6,8.345013887527e-02,0,,1218,23313
348.7,8.348764808868e-02,0,,1216,23315
348.8,8.356358753472e-02,0,,1214,23317
348.9,8.367806682198e-02,0,,1211,23320
349.0,8.383119560470e-02,0,,1211,23320
349.1,8.402308358104e-02,0,,1207,23324
349.2,8.425384049118e-02,0,,1207,23324
349.3,8.452357611307e-02,0,,1209,23322
349.4,8.483240026261e-02,0,,1213,23318
349.5,8.518042278856e-02,0,,1217,23314
349.6,8.556775357104e-02,0,,1215,23316
349.7,8.599450252016e-02,0,,1215,23316
349.8,8.646077957153e-02,0,,1214,23317
349.9,8.696669468473e-02,0,,1216,23315
350.0,8.751235784056e-02,0,,1218,23313
350.1,8.779205271433e-02,0,,1222,23309
350.2,8.718785845666e-02,0,,1218,23313
350.3,8.662052773208e-02,0,,1216,23315
350.4,8.609017027299e-02,0,,1215,23316
350.5,8.559689589459e-02,0,,1208,23323
350.6,8.514081449278e-02,0,,1209,23322
350.7,8.472203604326e-02,0,,1207,23324
350.8,8.434067059929e-02,0,,1204,23327
350.9,8.399682828884e-02,0,,1206,23325
351.0,8.369061931322e-02,0,,1209,23322
351.1,8.342215394472e-02,0,,1210,23321
351.2,8.319154252435e-02,0,,1214,23317
351.3,8.299889546015e-02,0,,1216,23315
351.4,8.284432322437e-02,0,,1214,23317
351.5,8.272793635183e-02,0,,1213,23318
351.6,8.264984543725e-02,0,,1217,23314
351.7,8.261016113328e-02,0,,1219,23312
351.8,8.260899414846e-02,0,,1221,23310
351.9,8.264645524333e-02,0,,1222,23309
352.0,8.272265523060e-02,0,,1220,23311
352.1,8.283770497105e-02,0,,1216,23315
352.2,8.299171537131e-02,0,,1213,23318
352.3,8.318479738180e-02,0,,1213,23318
352.4,8.341706199399e-02,0,,1212,23319
352.5,8.368862023892e-02,0,,1208,23323
352.6,8.399958318238e-02,0,,1211,23320
352.7,8.435006192528e-02,0,,1212,23319
352.8,8.474016759794e-02,0,,1216,23315
352.9,8.517001136086e-02,0,,1217,23314
353.0,8.563970439937e-02,0,,1215,23316
353.1,8.614935792296e-02,0,,1215,23316
353.2,8.669908315930e-02,0,,1215,23316
353.3,8.728899135715e-02,0,,1218,23313
353.4,8.791919377767e-02,0,,1223,23308
353.5,8.858980169472e-02,0,,1221,23310
353.6,8.930092639230e-02,0,,1219,23312
353.7,9.005267916127e-02,0,,1217,23314
353.8,9.084517129490e-02,0,,1213,23318
353.9,9.167851408736e-02,0,,1213,23318
354.0,9.255281883151e-02,0,,1213,23318
354.1,9.346819681423e-02,0,,1210,23321
354.2,9.442475931566e-02,0,,1209,23322
354.3,9.542261760200e-02,0,,1212,23319
354.4,9.646188292764e-02,0,,1212,23319
354.5,9.754266652852e-02,0,,1217,23314
354.6,9.866507961947e-02,0,,1216,23315
354.7,9.982923339349e-02,0,,1215,23316
354.8,1.010352390141e-01,0,,1215,23316
354.9,1.022832076159e-01,0,,1218,23313
355.0,1.035732503005e-01,0,,1219,23312
355.1,1.049054781316e-01,0,,1225,23306
355.2,1.062800021318e-01,0,,1221,23310
355.3,1.076969332830e-01,0,,1218,23313
355.4,1.091563825184e-01,0,,1216,23315
355.5,1.106584607200e-01,0,,1216,23315
355.6,1.122032787155e-01,0,,1215,23316
355.7,1.137909472778e-01,0,,1212,23319
355.8,1.154215771153e-01,0,,1212,23319
355.9,1.154676673566e-01,0,,1214,23317
356.0,1.136126236809e-01,0,,1215,23316
356.1,1.117976589289e-01,0,,1216,23315
356.2,1.100229175485e-01,0,,1220,23311
356.3,1.082885441978e-01,0,,1218,23313
356.4,1.065946837447e-01,0,,1217,23314
356.5,1.049414812660e-01,0,,1215,23316
356.6,1.033290820422e-01,0,,1220,23311
356.7,1.017576315564e-01,0,,1221,23310
356.8,1.002272754936e-01,0,,1221,23310
356.9,9.873815973405e-02,0,,1219,23312
357.0,9.729043035368e-02,0,,1218,23313
357.1,9.588423362366e-02,0,,1216,23315
357.2,9.451971600416e-02,0,,1216,23315
357.3,9.319702414123e-02,0,,1215,23316
357.4,9.191630487006e-02,0,,1213,23318
357.5,9.067770520327e-02,0,,1210,23321
357.6,8.948137233799e-02,0,,1214,23317
357.7,8.832745364500e-02,0,,1216,23315
357.8,8.721609667115e-02,0,,1218,23313
357.9,8.614744913431e-02,0,,1218,23313
358.0,8.512165892074e-02,0,,1216,23315
358.1,8.413887408137e-02,0,,1216,23315
358.2,8.319924283187e-02,0,,1217,23314
358.3,8.230291354640e-02,0,,1220,23311
358.4,8.145003475521e-02,0,,1225,23306
358.5,8.064075514406e-02,0,,1221,23310
358.6,7.987522354747e-02,0,,1218,23313
358.7,7.915358894763e-02,0,,1217,23314
358.8,7.847600047137e-02,0,,1215,23316
358.9,7.784260738625e-02,0,,1216,23315
359.0,7.725355909678e-02,0,,1215,23316
359.1,7.670900514278e-02,0,,1212,23319
359.2,7.620909519310e-02,0,,1211,23320
359.3,7.575397904598e-02,0,,1214,23317
359.4,7.534380662237e-02,0,,1213,23318
359.5,7.497872796342e-02,0,,1217,23314
359.6,7.465889322761e-02,0,,1217,23314
359.7,7.438445268618e-02,0,,1216,23315
359.8,7.415555671982e-02,0,,1217,23314
359.9,7.397235581489e-02,0,,1221,23310
360.0,7.383500055956e-02,0,,1221,23310
360.1,7.374364164008e-02,0,,1224,23307
360.2,7.369842983728e-02,0,,1223,23308
360.3,7.369951602084e-02,0,,1220,23311
360.4,7.374705114812e-02,0,,1218,23313
360.5,7.384118625776e-02,0,,1216,23315
360.6,7.398207246669e-02,0,,1217,23314
360.7,7.416986096545e-02,0,,1216,23315
360.8,7.440470301468e-02,0,,1213,23318
360.9,7.468674993967e-02,0,,1216,23315
361.0,7.501615312741e-02,0,,1215,23316
361.1,7.539306402055e-02,0,,1218,23313
361.2,7.581763411550e-02,0,,1222,23309
361.3,7.629001495522e-02,0,,1220,23311
361.4,7.681035812523e-02,0,,1220,23311
361.5,7.737881525096e-02,0,,1216,23315
361.6,7.799553799000e-02,0,,1222,23309
361.7,7.866067803093e-02,0,,1224,23307
361.8,7.861328631291e-02,0,,1223,23308
361.9,7.790719745119e-02,0,,1220,23311
362.0,7.724557408234e-02,0,,1220,23311
362.1,7.662856717503e-02,0,,1218,23313
362.2,7.605632783232e-02,0,,1216,23315
362.3,7.552900728989e-02,0,,1219,23312
362.4,7.504675691355e-02,0,,1214,23317
362.5,7.460972819353e-02,0,,1211,23320
362.6,7.421807274380e-02,0,,1215,23316
362.7,7.387194229590e-02,0,,1218,23313
362.8,7.357148869554e-02,0,,1221,23310
362.9,7.331686390109e-02,0,,1220,23311
363.0,7.310821997687e-02,0,,1221,23310
363.1,7.294570909136e-02,0,,1221,23310
363.2,7.282948351119e-02,0,,1221,23310
363.3,7.275969560047e-02,0,,1224,23307
363.4,7.273649781353e-02,0,,1232,23299
363.5,7.276004269271e-02,0,,1227,23304
363.6,7.283048286319e-02,0,,1225,23306
363.7,7.294797102977e-02,0,,1223,23308
363.8,7.311265997213e-02,0,,1222,23309
363.9,7.332470254035e-02,0,,1221,23310
364.0,7.358425165125e-02,0,,1219,23312
364.1,7.389146028312e-02,0,,1218,23313
364.2,7.424648147210e-02,0,,1217,23314
364.3,7.464946830710e-02,0,,1218,23313
364.4,7.510057392506e-02,0,,1217,23314
364.5,7.559995150751e-02,0,,1221,23310
364.6,7.614775427450e-02,0,,1222,23309
364.7,7.674413547983e-02,0,,1221,23310
364.8,7.738924840774e-02,0,,1220,23311
364.9,7.808324636641e-02,0,,1224,23307
365.0,7.882628268430e-02,0,,1224,23307
365.1,7.961851070334e-02,0,,1229,23302
365.2,8.046008377629e-02,0,,1225,23306
365.3,8.135115525963e-02,0,,1222,23309
365.4,8.229187850970e-02,0,,1223,23308
365.5,8.328240687477e-02,0,,1222,23309
365.6,8.432289369479e-02,0,,1222,23309
365.7,8.541349229078e-02,0,,1222,23309
365.8,8.655435596230e-02,0,,1218,23313
365.9,8.774563798069e-02,0,,1220,23311
366.0,8.898749158456e-02,0,,1218,23313
366.1,9.028006997222e-02,0,,1223,23308
366.2,9.162352629785e-02,0,,1227,23304
366.3,9.301801366642e-02,0,,1224,23307
366.4,9.446368512357e-02,0,,1223,23308
366.5,9.596069365438e-02,0,,1221,23310
366.6,9.750919217411e-02,0,,1227,23304
366.7,9.910933352461e-02,0,,1230,23301
366.8,1.007612704672e-01,0,,1229,23302
366.9,1.024651556717e-01,0,,1226,23305
367.0,1.042211417224e-01,0,,1224,23307
367.1,1.060293810962e-01,0,,1224,23307
367.2,1.051103086747e-01,0,,1223,23308
367.3,1.030474862237e-01,0,,1226,23305
367.4,1.010335797291e-01,0,,1221,23310
367.5,9.906879223352e-02,0,,1220,23311
367.6,9.715332713205e-02,0,,1221,23310
367.7,9.528738816526e-02,0,,1224,23307
367.8,9.347117941775e-02,0,,1225,23306
367.9,9.170490531405e-02,0,,1225,23306
368.0,8.998877061185e-02,0,,1224,23307
368.1,8.832298040173e-02,0,,1223,23308
368.2,8.670774009733e-02,0,,1223,23308
368.3,8.514325543768e-02,0,,1226,23305
368.4,8.362973247525e-02,0,,1233,23298
368.5,8.216737757765e-02,0,,1229,23302
368.6,8.075639742014e-02,0,,1225,23306
368.7,7.939699897883e-02,0,,1224,23307
368.8,7.808938953050e-02,0,,1224,23307
368.9,7.683377664443e-02,0,,1225,23306
369.0,7.563036817691e-02,0,,1223,23308
369.1,7.447937226876e-02,0,,1224,23307
369.2,7.338099733830e-02,0,,1223,23308
369.3,7.233545207521e-02,0,,1224,23307
369.4,7.134294543866e-02,0,,1224,23307
369.5,7.040368664676e-02,0,,1227,23304
369.6,6.951788517564e-02,0,,1228,23303
369.7,6.868575075112e-02,0,,1226,23305
369.8,6.790749334377e-02,0,,1225,23306
369.9,6.718332316270e-02,0,,1228,23303
370.0,6.651345065024e-02,0,,1230,23301
370.1,6.589808647545e-02,0,,1233,23298
370.2,6.533744152794e-02,0,,1230,23301
370.3,6.483172691146e-02,0,,1227,23304
370.4,6.438115393800e-02,0,,1227,23304
370.5,6.398593412177e-02,0,,1225,23306
370.6,6.364627917069e-02,0,,1227,23304
370.7,6.336240098241e-02,0,,1230,23301
370.8,6.313451163468e-02,0,,1226,23305
370.9,6.296282338152e-02,0,,1227,23304
371.0,6.284754864384e-02,0,,1225,23306
371.1,6.278890000337e-02,0,,1230,23301
371.2,6.278709019533e-02,0,,1234,23297
371.3,6.284233210104e-02,0,,1230,23301
371.4,6.295483874026e-02,0,,1228,23303
371.5,6.312482326521e-02,0,,1226,23305
371.6,6.335249894945e-02,0,,1231,23300
371.7,6.363807918443e-02,0,,1234,23297
371.8,6.398177746786e-02,0,,1233,23298
371.9,6.438380739794e-02,0,,1230,23301
372.0,6.484438266518e-02,0,,1229,23302
372.1,6.536371704226e-02,0,,1228,23303
372.2,6.594202437790e-02,0,,1228,23303
372.3,6.657951858673e-02,0,,1233,23298
372.4,6.727641364204e-02,0,,1227,23304
372.5,6.803292356546e-02,0,,1226,23305
372.6,6.884926241955e-02,0,,1227,23304
372.7,6.852143402064e-02,0,,1230,23301
372.8,6.767982006535e-02,0,,1231,23300
372.9,6.689248630638e-02,0,,1231,23300
373.0,6.615964499688e-02,0,,1229,23302
373.1,6.548150862240e-02,0,,1228,23303
373.2,6.485828989183e-02,0,,1228,23303
373.3,6.429020173518e-02,0,,1230,23301
373.4,6.377745729349e-02,0,,1237,23294
373.5,6.332026991437e-02,0,,1234,23297
373.6,6.291885314508e-02,0,,1231,23300
373.7,6.257342072488e-02,0,,1229,23302
373.8,6.228418657956e-02,0,,1229,23302
373.9,6.205136481360e-02,0,,1230,23301
374.0,6.187516970338e-02,0,,1230,23301
374.1,6.175581569062e-02,0,,1229,23302
374.2,6.169351737342e-02,0,,1230,23301
374.3,6.168848950119e-02,0,,1231,23300
374.4,6.174094696531e-02,0,,1231,23300
374.5,6.185110479267e-02,0,,1234,23297
374.6,6.201917813716e-02,0,,1234,23297
374.7,6.224538227264e-02,0,,1232,23299
374.8,6.252993258413e-02,0,,1232,23299
374.9,6.287304455971e-02,0,,1235,23296
375.0,6.327493378508e-02,0,,1233,23298
375.1,6.373581592919e-02,0,,1236,23295
375.2,6.425590674262e-02,0,,1233,23298
375.3,6.483542204423e-02,0,,1230,23301
375.4,6.547457771520e-02,0,,1230,23301
375.5,6.617358968844e-02,0,,1229,23302
375.6,6.693267394015e-02,0,,1232,23299
375.7,6.775204648159e-02,0,,1232,23299
375.8,6.863192334887e-02,0,,1228,23303
375.9,6.957252059367e-02,0,,1232,23299
376.0,7.057405427390e-02,0,,1229,23302
376.1,7.163674044442e-02,0,,1235,23296
376.2,7.276079514610e-02,0,,1238,23293
376.3,7.394643439797e-02,0,,1235,23296
376.4,7.519387418463e-02,0,,1233,23298
376.5,7.650333044958e-02,0,,1230,23301
376.6,7.787501907845e-02,0,,1236,23295
376.7,7.930915589645e-02,0,,1237,23294
376.8,8.080595665335e-02,0,,1236,23295
376.9,8.236563700893e-02,0,,1232,23299
377.0,8.398841253374e-02,0,,1232,23299
377.1,8.567449868381e-02,0,,1231,23300
377.2,8.742411079975e-02,0,,1230,23301
377.3,8.923746408969e-02,0,,1236,23295
377.4,9.111477362141e-02,0,,1231,23300
377.5,9.305625430682e-02,0,,1230,23301
377.6,9.506212089363e-02,0,,1233,23298
377.7,9.341953346932e-02,0,,1234,23297
377.8,9.110818027953e-02,0,,1236,23295
377.9,8.885742559063e-02,0,,1237,23294
378.0,8.666756228563e-02,0,,1234,23297
378.1,8.453888385645e-02,0,,1234,23297
378.2,8.247168439108e-02,0,,1234,23297
378.3,8.046625857074e-02,0,,1236,23295
378.4,7.852290165926e-02,0,,1242,23289
378.5,7.664190949520e-02,0,,1236,23295
378.6,7.482357848613e-02,0,,1233,23298
378.7,7.306820559791e-02,0,,1231,23300
378.8,7.137608834708e-02,0,,1231,23300
378.9,6.974752479211e-02,0,,1233,23298
379.0,6.818281352454e-02,0,,1234,23297
379.1,6.668225366072e-02,0,,1232,23299
379.2,6.524614483216e-02,0,,1233,23298
379.3,6.387478717612e-02,0,,1233,23298
379.4,6.256848132455e-02,0,,1234,23297
379.5,6.132752839821e-02,0,,1236,23295
379.6,6.015222999262e-02,0,,1237,23294
379.7,5.904288817102e-02,0,,1235,23296
379.8,5.799980545095e-02,0,,1233,23298
379.9,5.702328479843e-02,0,,1238,23293
380.0,5.611362961076e-02,0,,1237,23294
380.1,5.527114371236e-02,0,,1240,23291
380.2,5.449613133807e-02,0,,1236,23295
380.3,5.378889712541e-02,0,,1232,23299
380.4,5.314974610107e-02,0,,1232,23299
380.5,5.257898367027e-02,0,,1231,23300
380.6,5.207691560383e-02,0,,1235,23296
380.7,5.164384802593e-02,0,,1235,23296
380.8,5.128008740276e-02,0,,1232,23299
380.9,5.098594052919e-02,0,,1238,23293
381.0,5.076171451447e-02,0,,1233,23298
381.1,5.060771677127e-02,0,,1238,23293
381.2,5.052425500089e-02,0,,1241,23290
381.3,5.051163717998e-02,0,,1238,23293
381.4,5.057017154636e-02,0,,1235,23296
381.5,5.070016658587e-02,0,,1233,23298
381.6,5.090193101605e-02,0,,1239,23292
381.7,5.117577377287e-02,0,,1239,23292
381.8,5.152200399576e-02,0,,1240,23291
381.9,5.194093101177e-02,0,,1235,23296
382.0,5.243286432073e-02,0,,1232,23299
382.1,5.299811357859e-02,0,,1232,23299
382.2,5.363698858253e-02,0,,1232,23299
382.3,5.434979925344e-02,0,,1236,23295
382.4,5.513685562098e-02,0,,1234,23297
382.5,5.599846780424e-02,0,,1232,23299
382.6,5.693494599686e-02,0,,1236,23295
382.7,5.794660044882e-02,0,,1235,23296
382.8,5.743645488811e-02,0,,1238,23293
382.9,5.641070307754e-02,0,,1238,23293
383.0,5.545210676001e-02,0,,1235,23296
383.1,5.456097180749e-02,0,,1235,23296
383.2,5.373760450199e-02,0,,1236,23295
383.3,5.298231152494e-02,0,,1239,23292
383.4,5.229539994459e-02,0,,1244,23287
383.5,5.167717720358e-02,0,,1237,23294
383.6,5.112795110839e-02,0,,1233,23298
383.7,5.064802981498e-02,0,,1232,23299
383.8,5.023772181721e-02,0,,1232,23299
383.9,4.989733593358e-02,0,,1234,23297
384.0,4.962718129426e-02,0,,1237,23294
384.1,4.942756732726e-02,0,,1234,23297
384.2,4.929880374573e-02,0,,1235,23296
384.3,4.924120053239e-02,0,,1237,23294
384.4,4.925506792752e-02,0,,1237,23294
384.5,4.934071641215e-02,0,,1240,23291
384.6,4.949845669618e-02,0,,1239,23292
384.7,4.972859970100e-02,0,,1237,23294
384.8,5.003145654514e-02,0,,1236,23295
384.9,5.040733852964e-02,0,,1239,23292
385.0,5.085655712151e-02,0,,1238,23293
385.1,5.137942393723e-02,0,,1242,23289
385.2,5.197625072760e-02,0,,1236,23295
385.3,5.264734936038e-02,0,,1230,23301
385.4,5.339303180439e-02,0,,1231,23300
385.5,5.421361011031e-02,0,,1231,23300
385.6,5.510939639610e-02,0,,1235,23296
385.7,5.608070282694e-02,0,,1236,23295
385.8,5.712784159809e-02,0,,1232,23299
385.9,5.825112491641e-02,0,,1237,23294
386.0,5.945086498239e-02,0,,1236,23295
386.1,6.072737396990e-02,0,,1238,23293
386.2,6.208096400689e-02,0,,1243,23288
386.3,6.351194715784e-02,0,,1240,23291
386.4,6.502063540216e-02,0,,1237,23294
386.5,6.660734061342e-02,0,,1236,23295
386.6,6.827237453899e-02,0,,1241,23290
386.7,7.001604878139e-02,0,,1242,23289
386.8,7.183867477328e-02,0,,1243,23288
386.9,7.374056375914e-02,0,,1239,23292
387.0,7.572202677032e-02,0,,1235,23296
387.1,7.778337460563e-02,0,,1235,23296
387.2,7.992491780589e-02,0,,1235,23296
387.3,8.214696663295e-02,0,,1238,23293
387.4,8.011011310619e-02,0,,1240,23291
387.5,7.749868607807e-02,0,,1236,23295
387.6,7.496366006940e-02,0,,1240,23291
387.7,7.250547059854e-02,0,,1238,23293
387.8,7.012455428365e-02,0,,1243,23288
387.9,6.782134882038e-02,0,,1246,23285
388.0,6.559629297596e-02,0,,1242,23289
388.1,6.344982656594e-02,0,,1239,23292
388.2,6.138239044199e-02,0,,1239,23292
388.3,5.939442647822e-02,0,,1243,23288
388.4,5.748637754916e-02,0,,1245,23286
388.5,5.565868751857e-02,0,,1242,23289
388.6,5.391180121893e-02,0,,1238,23293
388.7,5.224616443414e-02,0,,1235,23296
388.8,5.066222388271e-02,0,,1236,23295
388.9,4.916042719787e-02,0,,1237,23294
389.0,4.774122290925e-02,0,,1242,23289
389.1,4.640506042377e-02,0,,1239,23292
389.2,4.515239000523e-02,0,,1240,23291
389.3,4.398366275339e-02,0,,1241,23290
389.4,4.289933058466e-02,0,,1244,23287
389.5,4.189984620995e-02,0,,1245,23286
389.6,4.098566311192e-02,0,,1245,23286
389.7,4.015723552503e-02,0,,1242,23289
389.8,3.941501841066e-02,0,,1242,23289
389.9,3.875946743425e-02,0,,1242,23289
390.0,3.819103894216e-02,0,,1244,23287
390.1,3.771018993685e-02,0,,1248,23283
390.2,3.731737805115e-02,0,,1243,23288
390.3,3.701306152483e-02,0,,1239,23292
390.4,3.679769917656e-02,0,,1237,23294
390.5,3.667175037822e-02,0,,1239,23292
390.6,3.663567502771e-02,0,,1241,23290
390.7,3.668993352084e-02,0,,1244,23287
390.8,3.683498672416e-02,0,,1240,23291
390.9,3.707129594363e-02,0,,1242,23289
391.0,3.739932289773e-02,0,,1244,23287
391.1,3.781952968552e-02,0,,1243,23288
391.2,3.833237875645e-02,0,,1246,23285
391.3,3.893833287859e-02,0,,1247,23284
391.4,3.963785510791e-02,0,,1243,23288
391.5,4.043140875212e-02,0,,1243,23288
391.6,4.131945734121e-02,0,,1247,23284
391.7,4.230246459088e-02,0,,1245,23286
391.8,4.338089436827e-02,0,,1247,23284
391.9,4.455521065603e-02,0,,1241,23290
392.0,4.582587751742e-02,0,,1238,23293
392.1,4.531856591473e-02,0,,1239,23292
392.2,4.403652379563e-02,0,,1240,23291
392.3,4.283882477083e-02,0,,1244,23287
392.4,4.172592219979e-02,0,,1244,23287
392.5,4.069827020326e-02,0,,1243,23288
392.6,3.975632364295e-02,0,,1247,23284
392.7,3.890053809826e-02,0,,1242,23289
392.8,3.813136984177e-02,0,,1245,23286
392.9,3.744927581720e-02,0,,1251,23280
393.0,3.685471361194e-02,0,,1248,23283
393.1,3.634814143436e-02,0,,1243,23288
393.2,3.593001808746e-02,0,,1242,23289
393.3,3.560080294189e-02,0,,1246,23285
393.4,3.536095591002e-02,0,,1245,23286
393.5,3.521093741844e-02,0,,1248,23283
393.6,3.515120837929e-02,0,,1245,23286
393.7,3.518223016258e-02,0,,1243,23288
393.8,3.530446456654e-02,0,,1242,23289
393.9,3.551837378794e-02,0,,1241,23290
394.0,3.582442039172e-02,0,,1246,23285
394.1,3.622306728027e-02,0,,1245,23286
394.2,3.671477766068e-02,0,,1243,23288
394.3,3.730001501351e-02,0,,1246,23285
394.4,3.797924305988e-02,0,,1243,23288
394.5,3.875292572655e-02,0,,1249,23282
394.6,3.962152711358e-02,0,,1252,23279
394.7,4.058551145627e-02,0,,1248,23283
394.8,4.164534309245e-02,0,,1243,23288
394.9,4.280148642514e-02,0,,1243,23288
395.0,4.405440588337e-02,0,,1247,23284
395.1,4.540456588741e-02,0,,1248,23283
395.2,4.685243080769e-02,0,,1247,23284
395.3,4.839846492655e-02,0,,1245,23286
395.4,5.004313239686e-02,0,,1243,23288
395.5,5.178689720284e-02,0,,1245,23286
395.6,5.363022311673e-02,0,,1246,23285
395.7,5.557357365626e-02,0,,1250,23281
395.8,5.761741204169e-02,0,,1247,23284
395.9,5.976220115133e-02,0,,1248,23283
396.0,6.200840347729e-02,0,,1251,23280
396.1,6.435648107768e-02,0,,1252,23279
396.2,6.680689553084e-02,0,,1253,23278
396.3,6.480476064632e-02,0,,1251,23280
396.4,6.182813615718e-02,0,,1248,23283
396.5,5.894989168313e-02,0,,1248,23283
396.6,5.617069889367e-02,0,,1248,23283
396.7,5.349123155598e-02,0,,1250,23281
396.8,5.091216550466e-02,0,,1254,23277
396.9,4.843417861130e-02,0,,1250,23281
397.0,4.605795075381e-02,0,,1247,23284
397.1,4.378416378229e-02,0,,1247,23284
397.2,4.161350148771e-02,0,,1248,23283
397.3,3.954664956513e-02,0,,1248,23283
397.4,3.758429558067e-02,0,,1251,23280
397.5,3.572712893196e-02,0,,1248,23283
397.6,3.397584081351e-02,0,,1250,23281
397.7,3.233112417546e-02,0,,1251,23280
397.8,3.079367368518e-02,0,,1250,23281
397.9,2.936418568524e-02,0,,1254,23277
398.0,2.804335815254e-02,0,,1253,23278
398.1,2.683189065261e-02,0,,1251,23280
398.2,2.573048429714e-02,0,,1248,23283
398.3,2.473984169663e-02,0,,1251,23280
398.4,2.386066691434e-02,0,,1251,23280
398.5,2.309366541668e-02,0,,1256,23275
398.6,2.243954402418e-02,0,,1251,23280
398.7,2.189901086009e-02,0,,1248,23283
398.8,2.147277529784e-02,0,,1250,23281
398.9,2.116154790747e-02,0,,1251,23280
399.0,2.096604039951e-02,0,,1252,23279
399.1,2.088696556902e-02,0,,1253,23278
399.2,2.092503723687e-02,0,,1249,23282
399.3,2.108097018993e-02,0,,1254,23277
399.4,2.135548012036e-02,0,,1252,23279
399.5,2.174928356169e-02,0,,1252,23279
399.6,2.226309782499e-02,0,,1256,23275
399.7,2.289764093290e-02,0,,1256,23275
399.8,2.365363155112e-02,0,,1253,23278
399.9,2.453178892039e-02,0,,1252,23279
400.0,2.553283278295e-02,0,,1255,23276
400.1,2.665748331187e-02,0,,1254,23277
400.2,2.790646103555e-02,0,,1260,23271
400.3,2.928048676025e-02,0,,1255,23276
400.4,3.078028149294e-02,0,,1252,23279
400.5,3.240656636034e-02,0,,1253,23278
400.6,3.223452738232e-02,0,,1253,23278
400.7,3.058578759392e-02,0,,1255,23276
400.8,2.904476763058e-02,0,,1255,23276
400.9,2.761216132251e-02,0,,1252,23279
401.0,2.628866399389e-02,0,,1258,23273
401.1,2.507497241597e-02,0,,1252,23279
401.2,2.397178475899e-02,0,,1256,23275
401.3,2.297980054575e-02,0,,1260,23271
401.4,2.209972059867e-02,0,,1257,23274
401.5,2.133224699089e-02,0,,1254,23277
401.6,2.067808299321e-02,0,,1252,23279
401.7,2.013793301949e-02,0,,1257,23274
401.8,1.971250257256e-02,0,,1257,23274
401.9,1.940249818556e-02,0,,1259,23272
402.0,1.920862736544e-02,0,,1254,23277
402.1,1.913159853247e-02,0,,1252,23279
402.2,1.917212095875e-02,0,,1254,23277
402.3,1.933090470692e-02,0,,1254,23277
402.4,1.960866056305e-02,0,,1257,23274
402.5,2.000609997350e-02,0,,1254,23277
402.6,2.052393497568e-02,0,,1254,23277
402.7,2.116287812945e-02,0,,1258,23273
402.8,2.192364244578e-02,0,,1254,23277
402.9,2.280694131461e-02,0,,1258,23273
403.0,2.381348843085e-02,0,,1261,23270
403.1,2.494399771555e-02,0,,1257,23274
403.2,2.619918324188e-02,0,,1253,23278
403.3,2.757975915195e-02,0,,1253,23278
403.4,2.908643957708e-02,0,,1258,23273
403.5,3.071993855252e-02,0,,1259,23272
403.6,3.248096993339e-02,0,,1256,23275
403.7,3.437024730601e-02,0,,1252,23279
403.8,3.638848389872e-02,0,,1251,23280
403.9,3.853639248864e-02,0,,1254,23277
404.0,4.081468531154e-02,0,,1254,23277
404.1,4.322407396116e-02,0,,1259,23272
404.2,4.576526929439e-02,0,,1255,23276
404.3,4.843898133007e-02,0,,1257,23274
404.4,4.698823220798e-02,0,,1260,23271
404.5,4.356568804398e-02,0,,1259,23272
404.6,4.027318485873e-02,0,,1259,23272
404.7,3.711180618942e-02,0,,1259,23272
404.8,3.408263988190e-02,0,,1257,23274
404.9,3.118677802846e-02,0,,1257,23274
405.0,2.842531689677e-02,0,,1257,23274
405.1,2.579935686483e-02,0,,1260,23271
405.2,2.331000234627e-02,0,,1264,23267
405.3,2.095836171728e-02,0,,1259,23272
405.4,1.874554723869e-02,0,,1255,23276
405.5,1.667267497508e-02,0,,1253,23278
405.6,1.474086471061e-02,0,,1256,23275
405.7,1.295123986508e-02,0,,1255,23276
405.8,1.130492740188e-02,0,,1259,23272
405.9,9.803057735786e-03,0,,1256,23275
406.0,8.446764636707e-03,0,,1257,23274
406.1,7.237185131089e-03,0,,1258,23273
406.2,6.175459397699e-03,0,,1260,23271
406.3,5.262730661955e-03,0,,1260,23271
406.4,4.500145085562e-03,0,,1259,23272
406.5,3.888851652541e-03,0,,1256,23275
406.6,3.430002051899e-03,0,,1258,23273
406.7,3.124750556083e-03,0,,1258,23273
406.8,2.974253895441e-03,0,,1261,23270
406.9,2.979671128688e-03,0,,1266,23265
407.0,3.142163509392e-03,0,,1261,23270
407.1,3.462894347969e-03,0,,1257,23274
407.2,3.943028869128e-03,0,,1256,23275
407.3,4.583734065379e-03,0,,1258,23273
407.4,5.386178545688e-03,0,,1258,23273
407.5,6.351532379843e-03,0,,1261,23270
407.6,7.480966935769e-03,0,,1257,23274
407.7,8.775654716840e-03,0,,1259,23272
407.8,1.023676918866e-02,0,,1259,23272
407.9,1.186548460427e-02,0,,1262,23269
408.0,1.366297582344e-02,0,,1262,23269
408.1,1.563041812491e-02,0,,1261,23270
408.2,1.776898701586e-02,0,,1257,23274
408.3,1.851270817696e-02,0,,1258,23273
408.4,1.632224807104e-02,0,,1261,23270
408.5,1.427190889000e-02,0,,1262,23269
408.6,1.236279137395e-02,0,,1266,23265
408.7,1.059599933693e-02,0,,1261,23270
408.8,8.972639566767e-03,0,,1258,23273
408.9,7.493821721806e-03,0,,1257,23274
409.0,6.160658223368e-03,0,,1258,23273
409.1,4.974264145308e-03,0,,1258,23273
409.2,3.935757100066e-03,0,,1260,23271
409.3,3.046257120814e-03,0,,1258,23273
409.4,2.306886539481e-03,0,,1260,23271
409.5,1.718769861854e-03,0,,1260,23271
409.6,1.283033637784e-03,0,,1261,23270
409.7,1.000806328015e-03,0,,1262,23269
409.8,8.732181665271e-04,0,,1264,23267
409.9,9.014010189184e-04,0,,1261,23270
410.0,1.086488236117e-03,0,,1261,23270
410.1,1.429614504549e-03,0,,1263,23268
410.2,1.931915690184e-03,0,,1263,23268
410.3,2.594528680124e-03,0,,1266,23265
410.4,3.418591217157e-03,0,,1261,23270
410.5,4.405241732204e-03,0,,1257,23274
410.6,5.555619168218e-03,0,,1256,23275
410.7,6.870862803125e-03,0,,1257,23274
410.8,8.352112064767e-03,0,,1259,23272
410.9,1.000050634144e-02,0,,1259,23272
411.0,1.181718478725e-02,0,,1257,23274
411.1,1.380328612126e-02,0,,1259,23272
411.2,1.595994842351e-02,0,,1259,23272
411.3,1.828830891979e-02,0,,1259,23272
411.4,2.078950376803e-02,0,,1262,23269
411.5,2.346466783240e-02,0,,1264,23267
411.6,2.631493445443e-02,0,,1262,23269
411.7,2.592545270779e-02,0,,1263,23268
411.8,2.196403975192e-02,0,,1264,23267
411.9,1.818046072049e-02,0,,1264,23267
412.0,1.457656821030e-02,0,,1269,23262
412.1,1.115422455809e-02,0,,1263,23268
412.2,7.915301695984e-03,0,,1258,23273
412.3,4.861680998389e-03,0,,1260,23271
412.4,1.995253118682e-03,0,,1258,23273
412.5,-6.820821788266e-04,1,1-9,1261,23270
